a-link-normal href	s-image src	puis-label-popover href	a-color-secondary	a-color-base	puis	a-link-normal href 2	a-link-normal	a-size-base	a-link-normal href 3	a-size-base-plus	a-size-base 2	a-popover-trigger href	a-icon-alt	a-link-normal href 4	a-size-mini	a-size-base 3	a-link-normal href 5	a-offscreen	a-price-whole	a-offscreen 2	a-size-base 4	a-offscreen 3	a-price	a-row	a-color-base 2	a-column	a-text-bold	a-column 2	a-column 3	prime-brand-color	a-text-bold 2	a-button-text	a-badge-text	a-truncate-full	a-truncate-cut
https://www.amazon.in/sspa/click?ie=UTF8&spc=MTo1NjIzMjkzOTcyNjkyNDEwOjE3NzQxMDM4MTI6c3BfYXRmOjMwMDA2MzAyMjI2NjQzMjo6MDo6&url=%2FLONDON-ALLEY-Blocking-Vintage-Reversible%2Fdp%2FB0975499R8%2Fref%3Dsr_1_1_sspa%3Fcrid%3DA0ZAS5VQVNZU%26dib%3DeyJ2IjoiMSJ9.vebhpB46Tiove4yBBxhdRxwCEI2U3uko51RvhOV4-O_2I1AP6URcZXIEW8SwbFyGFZaMrMuLFI---urBaO91n3xn4AfY-PbkAQCMtA0pI0ADyNo8VzjF7ZAwgYPsmztglkSQerAJmD4WrH9UCGjVZ1stGtrtpYaZ6wSH6bpBOZZnydtnDgKRxYGzbruQ13nxtdg68zLEy8G2G9bkv157DIot0kb0L-qXbwQVjuT82CgN7yzleNL-iuzOtZtLY7WubBAsXJnLoULqgUX4i1dlxG1R2f1DdCMY7jweZ395kuk.YDU7dsuDu1k59G8ljSgoSGEBD_d-nnJlCsdXIAISaAs%26dib_tag%3Dse%26keywords%3Dleather%2Bwallet%2Band%2Bbelts%26qid%3D1774103812%26sprefix%3Dleather%2Bwallet%2Band%2Bbelt%252Caps%252C682%26sr%3D8-1-spons%26aref%3DykIUFsS97V%26sp_csd%3Dd2lkZ2V0TmFtZT1zcF9hdGY%26psc%3D1&aref=ykIUFsS97V&sp_cr=ZAZ	https://m.media-amazon.com/images/I/51xKbX1FJJL._AC_UL320_.jpg	javascript:void(0)	Sponsored	Sponsored	You are seeing this ad based on the product’s relevance to your search query.	https://www.amazon.in/s?k=leather+wallet+and+belts&crid=A0ZAS5VQVNZU&sprefix=leather+wallet+and+belt%2Caps%2C682&ref=nb_sb_noss_2#	Let us know	LONDON ALLEY	https://www.amazon.in/sspa/click?ie=UTF8&spc=MTo1NjIzMjkzOTcyNjkyNDEwOjE3NzQxMDM4MTI6c3BfYXRmOjMwMDA2MzAyMjI2NjQzMjo6MDo6&url=%2FLONDON-ALLEY-Blocking-Vintage-Reversible%2Fdp%2FB0975499R8%2Fref%3Dsr_1_1_sspa%3Fcrid%3DA0ZAS5VQVNZU%26dib%3DeyJ2IjoiMSJ9.vebhpB46Tiove4yBBxhdRxwCEI2U3uko51RvhOV4-O_2I1AP6URcZXIEW8SwbFyGFZaMrMuLFI---urBaO91n3xn4AfY-PbkAQCMtA0pI0ADyNo8VzjF7ZAwgYPsmztglkSQerAJmD4WrH9UCGjVZ1stGtrtpYaZ6wSH6bpBOZZnydtnDgKRxYGzbruQ13nxtdg68zLEy8G2G9bkv157DIot0kb0L-qXbwQVjuT82CgN7yzleNL-iuzOtZtLY7WubBAsXJnLoULqgUX4i1dlxG1R2f1DdCMY7jweZ395kuk.YDU7dsuDu1k59G8ljSgoSGEBD_d-nnJlCsdXIAISaAs%26dib_tag%3Dse%26keywords%3Dleather%2Bwallet%2Band%2Bbelts%26qid%3D1774103812%26sprefix%3Dleather%2Bwallet%2Band%2Bbelt%252Caps%252C682%26sr%3D8-1-spons%26aref%3DykIUFsS97V%26sp_csd%3Dd2lkZ2V0TmFtZT1zcF9hdGY%26psc%3D1&aref=ykIUFsS97V&sp_cr=ZAZ	ELK Vintage Brown Leather Wallet & Black/Brown Reversible Belt Combo Gift Box for Men	4.1	javascript:void(0)	4.1 out of 5 stars	https://www.amazon.in/sspa/click?ie=UTF8&spc=MTo1NjIzMjkzOTcyNjkyNDEwOjE3NzQxMDM4MTI6c3BfYXRmOjMwMDA2MzAyMjI2NjQzMjo6MDo6&url=%2FLONDON-ALLEY-Blocking-Vintage-Reversible%2Fdp%2FB0975499R8%2Fref%3Dsr_1_1_sspa%3Fcrid%3DA0ZAS5VQVNZU%26dib%3DeyJ2IjoiMSJ9.vebhpB46Tiove4yBBxhdRxwCEI2U3uko51RvhOV4-O_2I1AP6URcZXIEW8SwbFyGFZaMrMuLFI---urBaO91n3xn4AfY-PbkAQCMtA0pI0ADyNo8VzjF7ZAwgYPsmztglkSQerAJmD4WrH9UCGjVZ1stGtrtpYaZ6wSH6bpBOZZnydtnDgKRxYGzbruQ13nxtdg68zLEy8G2G9bkv157DIot0kb0L-qXbwQVjuT82CgN7yzleNL-iuzOtZtLY7WubBAsXJnLoULqgUX4i1dlxG1R2f1DdCMY7jweZ395kuk.YDU7dsuDu1k59G8ljSgoSGEBD_d-nnJlCsdXIAISaAs%26dib_tag%3Dse%26keywords%3Dleather%2Bwallet%2Band%2Bbelts%26qid%3D1774103812%26sprefix%3Dleather%2Bwallet%2Band%2Bbelt%252Caps%252C682%26sr%3D8-1-spons%26aref%3DykIUFsS97V%26sp_csd%3Dd2lkZ2V0TmFtZT1zcF9hdGY%26psc%3D1&aref=ykIUFsS97V&sp_cr=ZAZ#customerReviews	(1.1K)	400+ bought in past month	https://www.amazon.in/sspa/click?ie=UTF8&spc=MTo1NjIzMjkzOTcyNjkyNDEwOjE3NzQxMDM4MTI6c3BfYXRmOjMwMDA2MzAyMjI2NjQzMjo6MDo6&url=%2FLONDON-ALLEY-Blocking-Vintage-Reversible%2Fdp%2FB0975499R8%2Fref%3Dsr_1_1_sspa%3Fcrid%3DA0ZAS5VQVNZU%26dib%3DeyJ2IjoiMSJ9.vebhpB46Tiove4yBBxhdRxwCEI2U3uko51RvhOV4-O_2I1AP6URcZXIEW8SwbFyGFZaMrMuLFI---urBaO91n3xn4AfY-PbkAQCMtA0pI0ADyNo8VzjF7ZAwgYPsmztglkSQerAJmD4WrH9UCGjVZ1stGtrtpYaZ6wSH6bpBOZZnydtnDgKRxYGzbruQ13nxtdg68zLEy8G2G9bkv157DIot0kb0L-qXbwQVjuT82CgN7yzleNL-iuzOtZtLY7WubBAsXJnLoULqgUX4i1dlxG1R2f1DdCMY7jweZ395kuk.YDU7dsuDu1k59G8ljSgoSGEBD_d-nnJlCsdXIAISaAs%26dib_tag%3Dse%26keywords%3Dleather%2Bwallet%2Band%2Bbelts%26qid%3D1774103812%26sprefix%3Dleather%2Bwallet%2Band%2Bbelt%252Caps%252C682%26sr%3D8-1-spons%26aref%3DykIUFsS97V%26sp_csd%3Dd2lkZ2V0TmFtZT1zcF9hdGY%26psc%3D1&aref=ykIUFsS97V&sp_cr=ZAZ	₹999	999	M.R.P: ₹3,499	M.R.P:	₹3,499	₹3,499	(71% off)	2% off coupon applied	FREE delivery	Wed, 25 Mar	Or  get FREE delivery	.prime-brand-color {color: #0064f9; }	Prime members	Tue, 24 Mar	Add to cart			
https://www.amazon.in/sspa/click?ie=UTF8&spc=MTo1NjIzMjkzOTcyNjkyNDEwOjE3NzQxMDM4MTI6c3BfYXRmOjMwMDYwMDk4MzkxNDczMjo6MDo6&url=%2FHAMMONDS-FLYCATCHER-Genuine-Leather-Colleagues%2Fdp%2FB0F18P42XZ%2Fref%3Dsr_1_2_sspa%3Fcrid%3DA0ZAS5VQVNZU%26dib%3DeyJ2IjoiMSJ9.vebhpB46Tiove4yBBxhdRxwCEI2U3uko51RvhOV4-O_2I1AP6URcZXIEW8SwbFyGFZaMrMuLFI---urBaO91n3xn4AfY-PbkAQCMtA0pI0ADyNo8VzjF7ZAwgYPsmztglkSQerAJmD4WrH9UCGjVZ1stGtrtpYaZ6wSH6bpBOZZnydtnDgKRxYGzbruQ13nxtdg68zLEy8G2G9bkv157DIot0kb0L-qXbwQVjuT82CgN7yzleNL-iuzOtZtLY7WubBAsXJnLoULqgUX4i1dlxG1R2f1DdCMY7jweZ395kuk.YDU7dsuDu1k59G8ljSgoSGEBD_d-nnJlCsdXIAISaAs%26dib_tag%3Dse%26keywords%3Dleather%2Bwallet%2Band%2Bbelts%26qid%3D1774103812%26sprefix%3Dleather%2Bwallet%2Band%2Bbelt%252Caps%252C682%26sr%3D8-2-spons%26aref%3DRXC3oR6zjE%26sp_csd%3Dd2lkZ2V0TmFtZT1zcF9hdGY%26psc%3D1&aref=RXC3oR6zjE&sp_cr=ZAZ	https://m.media-amazon.com/images/I/81LRI1cqMsL._AC_UL320_.jpg	javascript:void(0)	Sponsored	Sponsored	You are seeing this ad based on the product’s relevance to your search query.	https://www.amazon.in/s?k=leather+wallet+and+belts&crid=A0ZAS5VQVNZU&sprefix=leather+wallet+and+belt%2Caps%2C682&ref=nb_sb_noss_2#	Let us know	HAMMONDS FLYCATCHER	https://www.amazon.in/sspa/click?ie=UTF8&spc=MTo1NjIzMjkzOTcyNjkyNDEwOjE3NzQxMDM4MTI6c3BfYXRmOjMwMDYwMDk4MzkxNDczMjo6MDo6&url=%2FHAMMONDS-FLYCATCHER-Genuine-Leather-Colleagues%2Fdp%2FB0F18P42XZ%2Fref%3Dsr_1_2_sspa%3Fcrid%3DA0ZAS5VQVNZU%26dib%3DeyJ2IjoiMSJ9.vebhpB46Tiove4yBBxhdRxwCEI2U3uko51RvhOV4-O_2I1AP6URcZXIEW8SwbFyGFZaMrMuLFI---urBaO91n3xn4AfY-PbkAQCMtA0pI0ADyNo8VzjF7ZAwgYPsmztglkSQerAJmD4WrH9UCGjVZ1stGtrtpYaZ6wSH6bpBOZZnydtnDgKRxYGzbruQ13nxtdg68zLEy8G2G9bkv157DIot0kb0L-qXbwQVjuT82CgN7yzleNL-iuzOtZtLY7WubBAsXJnLoULqgUX4i1dlxG1R2f1DdCMY7jweZ395kuk.YDU7dsuDu1k59G8ljSgoSGEBD_d-nnJlCsdXIAISaAs%26dib_tag%3Dse%26keywords%3Dleather%2Bwallet%2Band%2Bbelts%26qid%3D1774103812%26sprefix%3Dleather%2Bwallet%2Band%2Bbelt%252Caps%252C682%26sr%3D8-2-spons%26aref%3DRXC3oR6zjE%26sp_csd%3Dd2lkZ2V0TmFtZT1zcF9hdGY%26psc%3D1&aref=RXC3oR6zjE&sp_cr=ZAZ	Genuine Leather Premium 5 in 1 Mega Gift Combo Gifts Set for Men & Colleagues - Men's Wallet, Ladies Wallet, Passport Holder, Men's Belt & Keyring - Brown	4.3	javascript:void(0)	4.3 out of 5 stars	https://www.amazon.in/sspa/click?ie=UTF8&spc=MTo1NjIzMjkzOTcyNjkyNDEwOjE3NzQxMDM4MTI6c3BfYXRmOjMwMDYwMDk4MzkxNDczMjo6MDo6&url=%2FHAMMONDS-FLYCATCHER-Genuine-Leather-Colleagues%2Fdp%2FB0F18P42XZ%2Fref%3Dsr_1_2_sspa%3Fcrid%3DA0ZAS5VQVNZU%26dib%3DeyJ2IjoiMSJ9.vebhpB46Tiove4yBBxhdRxwCEI2U3uko51RvhOV4-O_2I1AP6URcZXIEW8SwbFyGFZaMrMuLFI---urBaO91n3xn4AfY-PbkAQCMtA0pI0ADyNo8VzjF7ZAwgYPsmztglkSQerAJmD4WrH9UCGjVZ1stGtrtpYaZ6wSH6bpBOZZnydtnDgKRxYGzbruQ13nxtdg68zLEy8G2G9bkv157DIot0kb0L-qXbwQVjuT82CgN7yzleNL-iuzOtZtLY7WubBAsXJnLoULqgUX4i1dlxG1R2f1DdCMY7jweZ395kuk.YDU7dsuDu1k59G8ljSgoSGEBD_d-nnJlCsdXIAISaAs%26dib_tag%3Dse%26keywords%3Dleather%2Bwallet%2Band%2Bbelts%26qid%3D1774103812%26sprefix%3Dleather%2Bwallet%2Band%2Bbelt%252Caps%252C682%26sr%3D8-2-spons%26aref%3DRXC3oR6zjE%26sp_csd%3Dd2lkZ2V0TmFtZT1zcF9hdGY%26psc%3D1&aref=RXC3oR6zjE&sp_cr=ZAZ#customerReviews	(37)	M.R.P:	https://www.amazon.in/deals	₹2,649	2,649	M.R.P: ₹9,999	Save 2%	₹9,999	₹9,999	(74% off)	2% off coupon applied	FREE delivery	Sun, 29 Mar					Add to cart	Limited time deal		
https://www.amazon.in/sspa/click?ie=UTF8&spc=MTo1NjIzMjkzOTcyNjkyNDEwOjE3NzQxMDM4MTI6c3BfYXRmOjMwMDc4NTc1MTg1MjgzMjo6MDo6&url=%2FHamvora-Wallet-Belt-Combo-Mens%2Fdp%2FB0FSXWP1KR%2Fref%3Dsr_1_3_sspa%3Fcrid%3DA0ZAS5VQVNZU%26dib%3DeyJ2IjoiMSJ9.vebhpB46Tiove4yBBxhdRxwCEI2U3uko51RvhOV4-O_2I1AP6URcZXIEW8SwbFyGFZaMrMuLFI---urBaO91n3xn4AfY-PbkAQCMtA0pI0ADyNo8VzjF7ZAwgYPsmztglkSQerAJmD4WrH9UCGjVZ1stGtrtpYaZ6wSH6bpBOZZnydtnDgKRxYGzbruQ13nxtdg68zLEy8G2G9bkv157DIot0kb0L-qXbwQVjuT82CgN7yzleNL-iuzOtZtLY7WubBAsXJnLoULqgUX4i1dlxG1R2f1DdCMY7jweZ395kuk.YDU7dsuDu1k59G8ljSgoSGEBD_d-nnJlCsdXIAISaAs%26dib_tag%3Dse%26keywords%3Dleather%2Bwallet%2Band%2Bbelts%26qid%3D1774103812%26sprefix%3Dleather%2Bwallet%2Band%2Bbelt%252Caps%252C682%26sr%3D8-3-spons%26aref%3Dn6rqGFuqke%26sp_csd%3Dd2lkZ2V0TmFtZT1zcF9hdGY%26psc%3D1&aref=n6rqGFuqke&sp_cr=ZAZ	https://m.media-amazon.com/images/I/41vDeBWMG2L._AC_UL320_.jpg	javascript:void(0)	Sponsored	Sponsored	You are seeing this ad based on the product’s relevance to your search query.	https://www.amazon.in/s?k=leather+wallet+and+belts&crid=A0ZAS5VQVNZU&sprefix=leather+wallet+and+belt%2Caps%2C682&ref=nb_sb_noss_2#	Let us know	Hamvora	https://www.amazon.in/sspa/click?ie=UTF8&spc=MTo1NjIzMjkzOTcyNjkyNDEwOjE3NzQxMDM4MTI6c3BfYXRmOjMwMDc4NTc1MTg1MjgzMjo6MDo6&url=%2FHamvora-Wallet-Belt-Combo-Mens%2Fdp%2FB0FSXWP1KR%2Fref%3Dsr_1_3_sspa%3Fcrid%3DA0ZAS5VQVNZU%26dib%3DeyJ2IjoiMSJ9.vebhpB46Tiove4yBBxhdRxwCEI2U3uko51RvhOV4-O_2I1AP6URcZXIEW8SwbFyGFZaMrMuLFI---urBaO91n3xn4AfY-PbkAQCMtA0pI0ADyNo8VzjF7ZAwgYPsmztglkSQerAJmD4WrH9UCGjVZ1stGtrtpYaZ6wSH6bpBOZZnydtnDgKRxYGzbruQ13nxtdg68zLEy8G2G9bkv157DIot0kb0L-qXbwQVjuT82CgN7yzleNL-iuzOtZtLY7WubBAsXJnLoULqgUX4i1dlxG1R2f1DdCMY7jweZ395kuk.YDU7dsuDu1k59G8ljSgoSGEBD_d-nnJlCsdXIAISaAs%26dib_tag%3Dse%26keywords%3Dleather%2Bwallet%2Band%2Bbelts%26qid%3D1774103812%26sprefix%3Dleather%2Bwallet%2Band%2Bbelt%252Caps%252C682%26sr%3D8-3-spons%26aref%3Dn6rqGFuqke%26sp_csd%3Dd2lkZ2V0TmFtZT1zcF9hdGY%26psc%3D1&aref=n6rqGFuqke&sp_cr=ZAZ	Men Wallet and Belt Combo for Mens Gift - Genuine Leather 4 Card Slots RFID Brown Wallets for Man with Belts for Men Leather Original - Birthday, Diwali Gift for Man	4.4	javascript:void(0)	4.4 out of 5 stars	https://www.amazon.in/sspa/click?ie=UTF8&spc=MTo1NjIzMjkzOTcyNjkyNDEwOjE3NzQxMDM4MTI6c3BfYXRmOjMwMDc4NTc1MTg1MjgzMjo6MDo6&url=%2FHamvora-Wallet-Belt-Combo-Mens%2Fdp%2FB0FSXWP1KR%2Fref%3Dsr_1_3_sspa%3Fcrid%3DA0ZAS5VQVNZU%26dib%3DeyJ2IjoiMSJ9.vebhpB46Tiove4yBBxhdRxwCEI2U3uko51RvhOV4-O_2I1AP6URcZXIEW8SwbFyGFZaMrMuLFI---urBaO91n3xn4AfY-PbkAQCMtA0pI0ADyNo8VzjF7ZAwgYPsmztglkSQerAJmD4WrH9UCGjVZ1stGtrtpYaZ6wSH6bpBOZZnydtnDgKRxYGzbruQ13nxtdg68zLEy8G2G9bkv157DIot0kb0L-qXbwQVjuT82CgN7yzleNL-iuzOtZtLY7WubBAsXJnLoULqgUX4i1dlxG1R2f1DdCMY7jweZ395kuk.YDU7dsuDu1k59G8ljSgoSGEBD_d-nnJlCsdXIAISaAs%26dib_tag%3Dse%26keywords%3Dleather%2Bwallet%2Band%2Bbelts%26qid%3D1774103812%26sprefix%3Dleather%2Bwallet%2Band%2Bbelt%252Caps%252C682%26sr%3D8-3-spons%26aref%3Dn6rqGFuqke%26sp_csd%3Dd2lkZ2V0TmFtZT1zcF9hdGY%26psc%3D1&aref=n6rqGFuqke&sp_cr=ZAZ#customerReviews	(12)	M.R.P:	https://www.amazon.in/sspa/click?ie=UTF8&spc=MTo1NjIzMjkzOTcyNjkyNDEwOjE3NzQxMDM4MTI6c3BfYXRmOjMwMDc4NTc1MTg1MjgzMjo6MDo6&url=%2FHamvora-Wallet-Belt-Combo-Mens%2Fdp%2FB0FSXWP1KR%2Fref%3Dsr_1_3_sspa%3Fcrid%3DA0ZAS5VQVNZU%26dib%3DeyJ2IjoiMSJ9.vebhpB46Tiove4yBBxhdRxwCEI2U3uko51RvhOV4-O_2I1AP6URcZXIEW8SwbFyGFZaMrMuLFI---urBaO91n3xn4AfY-PbkAQCMtA0pI0ADyNo8VzjF7ZAwgYPsmztglkSQerAJmD4WrH9UCGjVZ1stGtrtpYaZ6wSH6bpBOZZnydtnDgKRxYGzbruQ13nxtdg68zLEy8G2G9bkv157DIot0kb0L-qXbwQVjuT82CgN7yzleNL-iuzOtZtLY7WubBAsXJnLoULqgUX4i1dlxG1R2f1DdCMY7jweZ395kuk.YDU7dsuDu1k59G8ljSgoSGEBD_d-nnJlCsdXIAISaAs%26dib_tag%3Dse%26keywords%3Dleather%2Bwallet%2Band%2Bbelts%26qid%3D1774103812%26sprefix%3Dleather%2Bwallet%2Band%2Bbelt%252Caps%252C682%26sr%3D8-3-spons%26aref%3Dn6rqGFuqke%26sp_csd%3Dd2lkZ2V0TmFtZT1zcF9hdGY%26psc%3D1&aref=n6rqGFuqke&sp_cr=ZAZ	₹849	849	M.R.P: ₹2,999	Save 2%	₹2,999	₹2,999	(72% off)	2% off coupon applied	FREE delivery	Wed, 25 Mar	Or  get FREE delivery	.prime-brand-color {color: #0064f9; }	Prime members	Tue, 24 Mar	Add to cart			
https://www.amazon.in/sspa/click?ie=UTF8&spc=MTo1NjIzMjkzOTcyNjkyNDEwOjE3NzQxMDM4MTI6c3BfYXRmOjIwMDYwOTc1ODA2MzA0OjowOjo&url=%2FHORNBULL-Leather-Wallet-Combo-BW4595_Brown%2Fdp%2FB076FQMZZ1%2Fref%3Dsr_1_4_sspa%3Fcrid%3DA0ZAS5VQVNZU%26dib%3DeyJ2IjoiMSJ9.vebhpB46Tiove4yBBxhdRxwCEI2U3uko51RvhOV4-O_2I1AP6URcZXIEW8SwbFyGFZaMrMuLFI---urBaO91n3xn4AfY-PbkAQCMtA0pI0ADyNo8VzjF7ZAwgYPsmztglkSQerAJmD4WrH9UCGjVZ1stGtrtpYaZ6wSH6bpBOZZnydtnDgKRxYGzbruQ13nxtdg68zLEy8G2G9bkv157DIot0kb0L-qXbwQVjuT82CgN7yzleNL-iuzOtZtLY7WubBAsXJnLoULqgUX4i1dlxG1R2f1DdCMY7jweZ395kuk.YDU7dsuDu1k59G8ljSgoSGEBD_d-nnJlCsdXIAISaAs%26dib_tag%3Dse%26keywords%3Dleather%2Bwallet%2Band%2Bbelts%26qid%3D1774103812%26sprefix%3Dleather%2Bwallet%2Band%2Bbelt%252Caps%252C682%26sr%3D8-4-spons%26aref%3DErxBNXhnym%26sp_csd%3Dd2lkZ2V0TmFtZT1zcF9hdGY%26psc%3D1&aref=ErxBNXhnym&sp_cr=ZAZ	https://m.media-amazon.com/images/I/41Mun4ksUXL._AC_UL320_.jpg	javascript:void(0)	Sponsored	Sponsored	You are seeing this ad based on the product’s relevance to your search query.	https://www.amazon.in/s?k=leather+wallet+and+belts&crid=A0ZAS5VQVNZU&sprefix=leather+wallet+and+belt%2Caps%2C682&ref=nb_sb_noss_2#	Let us know	HORNBULL	https://www.amazon.in/sspa/click?ie=UTF8&spc=MTo1NjIzMjkzOTcyNjkyNDEwOjE3NzQxMDM4MTI6c3BfYXRmOjIwMDYwOTc1ODA2MzA0OjowOjo&url=%2FHORNBULL-Leather-Wallet-Combo-BW4595_Brown%2Fdp%2FB076FQMZZ1%2Fref%3Dsr_1_4_sspa%3Fcrid%3DA0ZAS5VQVNZU%26dib%3DeyJ2IjoiMSJ9.vebhpB46Tiove4yBBxhdRxwCEI2U3uko51RvhOV4-O_2I1AP6URcZXIEW8SwbFyGFZaMrMuLFI---urBaO91n3xn4AfY-PbkAQCMtA0pI0ADyNo8VzjF7ZAwgYPsmztglkSQerAJmD4WrH9UCGjVZ1stGtrtpYaZ6wSH6bpBOZZnydtnDgKRxYGzbruQ13nxtdg68zLEy8G2G9bkv157DIot0kb0L-qXbwQVjuT82CgN7yzleNL-iuzOtZtLY7WubBAsXJnLoULqgUX4i1dlxG1R2f1DdCMY7jweZ395kuk.YDU7dsuDu1k59G8ljSgoSGEBD_d-nnJlCsdXIAISaAs%26dib_tag%3Dse%26keywords%3Dleather%2Bwallet%2Band%2Bbelts%26qid%3D1774103812%26sprefix%3Dleather%2Bwallet%2Band%2Bbelt%252Caps%252C682%26sr%3D8-4-spons%26aref%3DErxBNXhnym%26sp_csd%3Dd2lkZ2V0TmFtZT1zcF9hdGY%26psc%3D1&aref=ErxBNXhnym&sp_cr=ZAZ	Wallet for Men | Brown Wallet and Belt Gift Hamper for Men | Leather Wallets for Men | Men’s Combo Gift Set	4.1	javascript:void(0)	4.1 out of 5 stars	https://www.amazon.in/sspa/click?ie=UTF8&spc=MTo1NjIzMjkzOTcyNjkyNDEwOjE3NzQxMDM4MTI6c3BfYXRmOjIwMDYwOTc1ODA2MzA0OjowOjo&url=%2FHORNBULL-Leather-Wallet-Combo-BW4595_Brown%2Fdp%2FB076FQMZZ1%2Fref%3Dsr_1_4_sspa%3Fcrid%3DA0ZAS5VQVNZU%26dib%3DeyJ2IjoiMSJ9.vebhpB46Tiove4yBBxhdRxwCEI2U3uko51RvhOV4-O_2I1AP6URcZXIEW8SwbFyGFZaMrMuLFI---urBaO91n3xn4AfY-PbkAQCMtA0pI0ADyNo8VzjF7ZAwgYPsmztglkSQerAJmD4WrH9UCGjVZ1stGtrtpYaZ6wSH6bpBOZZnydtnDgKRxYGzbruQ13nxtdg68zLEy8G2G9bkv157DIot0kb0L-qXbwQVjuT82CgN7yzleNL-iuzOtZtLY7WubBAsXJnLoULqgUX4i1dlxG1R2f1DdCMY7jweZ395kuk.YDU7dsuDu1k59G8ljSgoSGEBD_d-nnJlCsdXIAISaAs%26dib_tag%3Dse%26keywords%3Dleather%2Bwallet%2Band%2Bbelts%26qid%3D1774103812%26sprefix%3Dleather%2Bwallet%2Band%2Bbelt%252Caps%252C682%26sr%3D8-4-spons%26aref%3DErxBNXhnym%26sp_csd%3Dd2lkZ2V0TmFtZT1zcF9hdGY%26psc%3D1&aref=ErxBNXhnym&sp_cr=ZAZ#customerReviews	(11.4K)	300+ bought in past month	https://www.amazon.in/sspa/click?ie=UTF8&spc=MTo1NjIzMjkzOTcyNjkyNDEwOjE3NzQxMDM4MTI6c3BfYXRmOjIwMDYwOTc1ODA2MzA0OjowOjo&url=%2FHORNBULL-Leather-Wallet-Combo-BW4595_Brown%2Fdp%2FB076FQMZZ1%2Fref%3Dsr_1_4_sspa%3Fcrid%3DA0ZAS5VQVNZU%26dib%3DeyJ2IjoiMSJ9.vebhpB46Tiove4yBBxhdRxwCEI2U3uko51RvhOV4-O_2I1AP6URcZXIEW8SwbFyGFZaMrMuLFI---urBaO91n3xn4AfY-PbkAQCMtA0pI0ADyNo8VzjF7ZAwgYPsmztglkSQerAJmD4WrH9UCGjVZ1stGtrtpYaZ6wSH6bpBOZZnydtnDgKRxYGzbruQ13nxtdg68zLEy8G2G9bkv157DIot0kb0L-qXbwQVjuT82CgN7yzleNL-iuzOtZtLY7WubBAsXJnLoULqgUX4i1dlxG1R2f1DdCMY7jweZ395kuk.YDU7dsuDu1k59G8ljSgoSGEBD_d-nnJlCsdXIAISaAs%26dib_tag%3Dse%26keywords%3Dleather%2Bwallet%2Band%2Bbelts%26qid%3D1774103812%26sprefix%3Dleather%2Bwallet%2Band%2Bbelt%252Caps%252C682%26sr%3D8-4-spons%26aref%3DErxBNXhnym%26sp_csd%3Dd2lkZ2V0TmFtZT1zcF9hdGY%26psc%3D1&aref=ErxBNXhnym&sp_cr=ZAZ	₹878	878	M.R.P: ₹3,299	M.R.P:	₹3,299	₹3,299	(73% off)		FREE delivery	Wed, 25 Mar	Or  get FREE delivery	.prime-brand-color {color: #0064f9; }	Prime members	Tue, 24 Mar	Add to cart		Up to 5% back with Amazon Pay ICICI card	Up to 5% back with Amazon Pay ICICI card
https://www.amazon.in/Forest-Blocking-Vintage-Leather-Wallet/dp/B08ZDH5NS5/ref=sr_1_5?crid=A0ZAS5VQVNZU&dib=eyJ2IjoiMSJ9.vebhpB46Tiove4yBBxhdRxwCEI2U3uko51RvhOV4-O_2I1AP6URcZXIEW8SwbFyGFZaMrMuLFI---urBaO91n3xn4AfY-PbkAQCMtA0pI0ADyNo8VzjF7ZAwgYPsmztglkSQerAJmD4WrH9UCGjVZ1stGtrtpYaZ6wSH6bpBOZZnydtnDgKRxYGzbruQ13nxtdg68zLEy8G2G9bkv157DIot0kb0L-qXbwQVjuT82CgN7yzleNL-iuzOtZtLY7WubBAsXJnLoULqgUX4i1dlxG1R2f1DdCMY7jweZ395kuk.YDU7dsuDu1k59G8ljSgoSGEBD_d-nnJlCsdXIAISaAs&dib_tag=se&keywords=leather+wallet+and+belts&qid=1774103812&sprefix=leather+wallet+and+belt%2Caps%2C682&sr=8-5	https://m.media-amazon.com/images/I/81J1xLn3xBS._AC_UL320_.jpg					https://www.amazon.in/Forest-Blocking-Vintage-Leather-Wallet/dp/B08ZDH5NS5/ref=sr_1_5?crid=A0ZAS5VQVNZU&dib=eyJ2IjoiMSJ9.vebhpB46Tiove4yBBxhdRxwCEI2U3uko51RvhOV4-O_2I1AP6URcZXIEW8SwbFyGFZaMrMuLFI---urBaO91n3xn4AfY-PbkAQCMtA0pI0ADyNo8VzjF7ZAwgYPsmztglkSQerAJmD4WrH9UCGjVZ1stGtrtpYaZ6wSH6bpBOZZnydtnDgKRxYGzbruQ13nxtdg68zLEy8G2G9bkv157DIot0kb0L-qXbwQVjuT82CgN7yzleNL-iuzOtZtLY7WubBAsXJnLoULqgUX4i1dlxG1R2f1DdCMY7jweZ395kuk.YDU7dsuDu1k59G8ljSgoSGEBD_d-nnJlCsdXIAISaAs&dib_tag=se&keywords=leather+wallet+and+belts&qid=1774103812&sprefix=leather+wallet+and+belt%2Caps%2C682&sr=8-5		URBAN FOREST	https://www.amazon.in/Forest-Blocking-Vintage-Leather-Wallet/dp/B08ZDH5NS5/ref=sr_1_5?crid=A0ZAS5VQVNZU&dib=eyJ2IjoiMSJ9.vebhpB46Tiove4yBBxhdRxwCEI2U3uko51RvhOV4-O_2I1AP6URcZXIEW8SwbFyGFZaMrMuLFI---urBaO91n3xn4AfY-PbkAQCMtA0pI0ADyNo8VzjF7ZAwgYPsmztglkSQerAJmD4WrH9UCGjVZ1stGtrtpYaZ6wSH6bpBOZZnydtnDgKRxYGzbruQ13nxtdg68zLEy8G2G9bkv157DIot0kb0L-qXbwQVjuT82CgN7yzleNL-iuzOtZtLY7WubBAsXJnLoULqgUX4i1dlxG1R2f1DdCMY7jweZ395kuk.YDU7dsuDu1k59G8ljSgoSGEBD_d-nnJlCsdXIAISaAs&dib_tag=se&keywords=leather+wallet+and+belts&qid=1774103812&sprefix=leather+wallet+and+belt%2Caps%2C682&sr=8-5#customerReviews	Zeke Vintage Brown Leather Wallet & Casual Brown Leather Belt Combo Gift Set for Men	4.2	javascript:void(0)	4.2 out of 5 stars	https://www.amazon.in/deals	(1.2K)	50+ bought in past month	https://www.amazon.in/Forest-Blocking-Vintage-Leather-Wallet/dp/B08ZDH5NS5/ref=sr_1_5?crid=A0ZAS5VQVNZU&dib=eyJ2IjoiMSJ9.vebhpB46Tiove4yBBxhdRxwCEI2U3uko51RvhOV4-O_2I1AP6URcZXIEW8SwbFyGFZaMrMuLFI---urBaO91n3xn4AfY-PbkAQCMtA0pI0ADyNo8VzjF7ZAwgYPsmztglkSQerAJmD4WrH9UCGjVZ1stGtrtpYaZ6wSH6bpBOZZnydtnDgKRxYGzbruQ13nxtdg68zLEy8G2G9bkv157DIot0kb0L-qXbwQVjuT82CgN7yzleNL-iuzOtZtLY7WubBAsXJnLoULqgUX4i1dlxG1R2f1DdCMY7jweZ395kuk.YDU7dsuDu1k59G8ljSgoSGEBD_d-nnJlCsdXIAISaAs&dib_tag=se&keywords=leather+wallet+and+belts&qid=1774103812&sprefix=leather+wallet+and+belt%2Caps%2C682&sr=8-5	₹878	878	M.R.P: ₹2,500	M.R.P:	₹2,500	₹2,500	(65% off)		FREE delivery	Wed, 25 Mar	Or  get FREE delivery	.prime-brand-color {color: #0064f9; }	Prime members	Tue, 24 Mar	Add to cart	Limited time deal	Up to 5% back with Amazon Pay ICICI card	Up to 5% back with Amazon Pay ICI...
https://www.amazon.in/Leather-Wallet-Belt-Combo-Men/dp/B08F5L31F3/ref=sr_1_6?crid=A0ZAS5VQVNZU&dib=eyJ2IjoiMSJ9.vebhpB46Tiove4yBBxhdRxwCEI2U3uko51RvhOV4-O_2I1AP6URcZXIEW8SwbFyGFZaMrMuLFI---urBaO91n3xn4AfY-PbkAQCMtA0pI0ADyNo8VzjF7ZAwgYPsmztglkSQerAJmD4WrH9UCGjVZ1stGtrtpYaZ6wSH6bpBOZZnydtnDgKRxYGzbruQ13nxtdg68zLEy8G2G9bkv157DIot0kb0L-qXbwQVjuT82CgN7yzleNL-iuzOtZtLY7WubBAsXJnLoULqgUX4i1dlxG1R2f1DdCMY7jweZ395kuk.YDU7dsuDu1k59G8ljSgoSGEBD_d-nnJlCsdXIAISaAs&dib_tag=se&keywords=leather+wallet+and+belts&qid=1774103812&sprefix=leather+wallet+and+belt%2Caps%2C682&sr=8-6	https://m.media-amazon.com/images/I/81craG8eNhL._AC_UL320_.jpg					https://www.amazon.in/Leather-Wallet-Belt-Combo-Men/dp/B08F5L31F3/ref=sr_1_6?crid=A0ZAS5VQVNZU&dib=eyJ2IjoiMSJ9.vebhpB46Tiove4yBBxhdRxwCEI2U3uko51RvhOV4-O_2I1AP6URcZXIEW8SwbFyGFZaMrMuLFI---urBaO91n3xn4AfY-PbkAQCMtA0pI0ADyNo8VzjF7ZAwgYPsmztglkSQerAJmD4WrH9UCGjVZ1stGtrtpYaZ6wSH6bpBOZZnydtnDgKRxYGzbruQ13nxtdg68zLEy8G2G9bkv157DIot0kb0L-qXbwQVjuT82CgN7yzleNL-iuzOtZtLY7WubBAsXJnLoULqgUX4i1dlxG1R2f1DdCMY7jweZ395kuk.YDU7dsuDu1k59G8ljSgoSGEBD_d-nnJlCsdXIAISaAs&dib_tag=se&keywords=leather+wallet+and+belts&qid=1774103812&sprefix=leather+wallet+and+belt%2Caps%2C682&sr=8-6		WildHorn	https://www.amazon.in/Leather-Wallet-Belt-Combo-Men/dp/B08F5L31F3/ref=sr_1_6?crid=A0ZAS5VQVNZU&dib=eyJ2IjoiMSJ9.vebhpB46Tiove4yBBxhdRxwCEI2U3uko51RvhOV4-O_2I1AP6URcZXIEW8SwbFyGFZaMrMuLFI---urBaO91n3xn4AfY-PbkAQCMtA0pI0ADyNo8VzjF7ZAwgYPsmztglkSQerAJmD4WrH9UCGjVZ1stGtrtpYaZ6wSH6bpBOZZnydtnDgKRxYGzbruQ13nxtdg68zLEy8G2G9bkv157DIot0kb0L-qXbwQVjuT82CgN7yzleNL-iuzOtZtLY7WubBAsXJnLoULqgUX4i1dlxG1R2f1DdCMY7jweZ395kuk.YDU7dsuDu1k59G8ljSgoSGEBD_d-nnJlCsdXIAISaAs&dib_tag=se&keywords=leather+wallet+and+belts&qid=1774103812&sprefix=leather+wallet+and+belt%2Caps%2C682&sr=8-6#customerReviews	Gift Hamper for Men I Leather Wallet & Belt Combo Gift Set I Gift for Friend, Boyfriend,Husband,Father, Son etc (New Bombay Brown)	4.1	javascript:void(0)	4.1 out of 5 stars	https://www.amazon.in/Leather-Wallet-Belt-Combo-Men/dp/B08F5L31F3/ref=sr_1_6?crid=A0ZAS5VQVNZU&dib=eyJ2IjoiMSJ9.vebhpB46Tiove4yBBxhdRxwCEI2U3uko51RvhOV4-O_2I1AP6URcZXIEW8SwbFyGFZaMrMuLFI---urBaO91n3xn4AfY-PbkAQCMtA0pI0ADyNo8VzjF7ZAwgYPsmztglkSQerAJmD4WrH9UCGjVZ1stGtrtpYaZ6wSH6bpBOZZnydtnDgKRxYGzbruQ13nxtdg68zLEy8G2G9bkv157DIot0kb0L-qXbwQVjuT82CgN7yzleNL-iuzOtZtLY7WubBAsXJnLoULqgUX4i1dlxG1R2f1DdCMY7jweZ395kuk.YDU7dsuDu1k59G8ljSgoSGEBD_d-nnJlCsdXIAISaAs&dib_tag=se&keywords=leather+wallet+and+belts&qid=1774103812&sprefix=leather+wallet+and+belt%2Caps%2C682&sr=8-6	(5.1K)	400+ bought in past month		₹899	899	M.R.P: ₹3,499	M.R.P:	₹3,499	₹3,499	(74% off)		FREE delivery	Wed, 25 Mar	Or  get FREE delivery	.prime-brand-color {color: #0064f9; }	Prime members	Tue, 24 Mar	Add to cart		Up to 5% back with Amazon Pay ICICI card	Up to 5% back with Amazon Pay ICI...
https://www.amazon.in/Urban-Forest-Leather-Wallet-Casual/dp/B07TWKX9B1/ref=sr_1_7?crid=A0ZAS5VQVNZU&dib=eyJ2IjoiMSJ9.vebhpB46Tiove4yBBxhdRxwCEI2U3uko51RvhOV4-O_2I1AP6URcZXIEW8SwbFyGFZaMrMuLFI---urBaO91n3xn4AfY-PbkAQCMtA0pI0ADyNo8VzjF7ZAwgYPsmztglkSQerAJmD4WrH9UCGjVZ1stGtrtpYaZ6wSH6bpBOZZnydtnDgKRxYGzbruQ13nxtdg68zLEy8G2G9bkv157DIot0kb0L-qXbwQVjuT82CgN7yzleNL-iuzOtZtLY7WubBAsXJnLoULqgUX4i1dlxG1R2f1DdCMY7jweZ395kuk.YDU7dsuDu1k59G8ljSgoSGEBD_d-nnJlCsdXIAISaAs&dib_tag=se&keywords=leather+wallet+and+belts&qid=1774103812&sprefix=leather+wallet+and+belt%2Caps%2C682&sr=8-7	https://m.media-amazon.com/images/I/410igF0MZ7L._AC_UL320_.jpg					https://www.amazon.in/Urban-Forest-Leather-Wallet-Casual/dp/B07TWKX9B1/ref=sr_1_7?crid=A0ZAS5VQVNZU&dib=eyJ2IjoiMSJ9.vebhpB46Tiove4yBBxhdRxwCEI2U3uko51RvhOV4-O_2I1AP6URcZXIEW8SwbFyGFZaMrMuLFI---urBaO91n3xn4AfY-PbkAQCMtA0pI0ADyNo8VzjF7ZAwgYPsmztglkSQerAJmD4WrH9UCGjVZ1stGtrtpYaZ6wSH6bpBOZZnydtnDgKRxYGzbruQ13nxtdg68zLEy8G2G9bkv157DIot0kb0L-qXbwQVjuT82CgN7yzleNL-iuzOtZtLY7WubBAsXJnLoULqgUX4i1dlxG1R2f1DdCMY7jweZ395kuk.YDU7dsuDu1k59G8ljSgoSGEBD_d-nnJlCsdXIAISaAs&dib_tag=se&keywords=leather+wallet+and+belts&qid=1774103812&sprefix=leather+wallet+and+belt%2Caps%2C682&sr=8-7		URBAN FOREST	https://www.amazon.in/Urban-Forest-Leather-Wallet-Casual/dp/B07TWKX9B1/ref=sr_1_7?crid=A0ZAS5VQVNZU&dib=eyJ2IjoiMSJ9.vebhpB46Tiove4yBBxhdRxwCEI2U3uko51RvhOV4-O_2I1AP6URcZXIEW8SwbFyGFZaMrMuLFI---urBaO91n3xn4AfY-PbkAQCMtA0pI0ADyNo8VzjF7ZAwgYPsmztglkSQerAJmD4WrH9UCGjVZ1stGtrtpYaZ6wSH6bpBOZZnydtnDgKRxYGzbruQ13nxtdg68zLEy8G2G9bkv157DIot0kb0L-qXbwQVjuT82CgN7yzleNL-iuzOtZtLY7WubBAsXJnLoULqgUX4i1dlxG1R2f1DdCMY7jweZ395kuk.YDU7dsuDu1k59G8ljSgoSGEBD_d-nnJlCsdXIAISaAs&dib_tag=se&keywords=leather+wallet+and+belts&qid=1774103812&sprefix=leather+wallet+and+belt%2Caps%2C682&sr=8-7#customerReviews	Brian Black Leather Wallet & Black Casual Belt Combo Gift Set for Men	4.2	javascript:void(0)	4.2 out of 5 stars	https://www.amazon.in/deals	(3.2K)	50+ bought in past month	https://www.amazon.in/Urban-Forest-Leather-Wallet-Casual/dp/B07TWKX9B1/ref=sr_1_7?crid=A0ZAS5VQVNZU&dib=eyJ2IjoiMSJ9.vebhpB46Tiove4yBBxhdRxwCEI2U3uko51RvhOV4-O_2I1AP6URcZXIEW8SwbFyGFZaMrMuLFI---urBaO91n3xn4AfY-PbkAQCMtA0pI0ADyNo8VzjF7ZAwgYPsmztglkSQerAJmD4WrH9UCGjVZ1stGtrtpYaZ6wSH6bpBOZZnydtnDgKRxYGzbruQ13nxtdg68zLEy8G2G9bkv157DIot0kb0L-qXbwQVjuT82CgN7yzleNL-iuzOtZtLY7WubBAsXJnLoULqgUX4i1dlxG1R2f1DdCMY7jweZ395kuk.YDU7dsuDu1k59G8ljSgoSGEBD_d-nnJlCsdXIAISaAs&dib_tag=se&keywords=leather+wallet+and+belts&qid=1774103812&sprefix=leather+wallet+and+belt%2Caps%2C682&sr=8-7	₹879	879	M.R.P: ₹2,500	M.R.P:	₹2,500	₹2,500	(65% off)		FREE delivery	Wed, 25 Mar	Or  get FREE delivery	.prime-brand-color {color: #0064f9; }	Prime members	Tue, 24 Mar	Add to cart	Limited time deal	Up to 5% back with Amazon Pay ICICI card	Up to 5% back with Amazon Pay ICI...
https://www.amazon.in/sspa/click?ie=UTF8&spc=MTo4OTI3Mzg0ODUyMDc5MTc6MTc3NDEwNTM0NTpzcF9hdGY6MzAwODg5NDU2MTAyNzMyOjowOjo&url=%2FHAMMONDS-FLYCATCHER-Sling-Bag-Men%2Fdp%2FB0919ZW7RK%2Fref%3Dsr_1_1_sspa%3Fcrid%3D2577D2O13T9EQ%26dib%3DeyJ2IjoiMSJ9.2s0pirXETG8_uu6fo2eZJxHQRbU3Xq1BFtsBxzGTcgAK9TJ3F95d_VOkSKBmlpqtgvwEtiY_51UFIkaxfj_ve_3PkER5Fj0AxPD6u-kTpeg-osB_1BXbbSzEW4E-eQdbeSbpEDb3iwcWN-0yBe378pi0EGSW-iGklNW_RqPICC--yXQitnZs4ho_4bD9VEbl1eboyHNcS0ehbLfvj0tJ3n5frKwY5-n8viUiLmLqb8J13mUw7l0-bbkRmViWfNlDA9CZUXIvDWLe3AwYhNBKltFbR5PYNPSi0kHQrCXNTmw.shIh9DlYNKukdY0JvLx0xsd5CF-R_oJGNQd-BXqxH30%26dib_tag%3Dse%26keywords%3Dleather%2Bsling%2Bbag%26qid%3D1774105345%26sprefix%3Dleather%2Bsling%2Bbag%252Caps%252C483%26sr%3D8-1-spons%26aref%3D4fYbFweix2%26sp_csd%3Dd2lkZ2V0TmFtZT1zcF9hdGY%26psc%3D1&aref=4fYbFweix2&sp_cr=ZAZ	https://m.media-amazon.com/images/I/A1P0827RbkL._AC_UL320_.jpg	javascript:void(0)	Sponsored	Sponsored	You are seeing this ad based on the product’s relevance to your search query.	https://www.amazon.in/s?k=leather+sling+bag&crid=2577D2O13T9EQ&sprefix=leather+sling+bag%2Caps%2C483&ref=nb_sb_noss_1#	Let us know	HAMMONDS FLYCATCHER	https://www.amazon.in/sspa/click?ie=UTF8&spc=MTo4OTI3Mzg0ODUyMDc5MTc6MTc3NDEwNTM0NTpzcF9hdGY6MzAwODg5NDU2MTAyNzMyOjowOjo&url=%2FHAMMONDS-FLYCATCHER-Sling-Bag-Men%2Fdp%2FB0919ZW7RK%2Fref%3Dsr_1_1_sspa%3Fcrid%3D2577D2O13T9EQ%26dib%3DeyJ2IjoiMSJ9.2s0pirXETG8_uu6fo2eZJxHQRbU3Xq1BFtsBxzGTcgAK9TJ3F95d_VOkSKBmlpqtgvwEtiY_51UFIkaxfj_ve_3PkER5Fj0AxPD6u-kTpeg-osB_1BXbbSzEW4E-eQdbeSbpEDb3iwcWN-0yBe378pi0EGSW-iGklNW_RqPICC--yXQitnZs4ho_4bD9VEbl1eboyHNcS0ehbLfvj0tJ3n5frKwY5-n8viUiLmLqb8J13mUw7l0-bbkRmViWfNlDA9CZUXIvDWLe3AwYhNBKltFbR5PYNPSi0kHQrCXNTmw.shIh9DlYNKukdY0JvLx0xsd5CF-R_oJGNQd-BXqxH30%26dib_tag%3Dse%26keywords%3Dleather%2Bsling%2Bbag%26qid%3D1774105345%26sprefix%3Dleather%2Bsling%2Bbag%252Caps%252C483%26sr%3D8-1-spons%26aref%3D4fYbFweix2%26sp_csd%3Dd2lkZ2V0TmFtZT1zcF9hdGY%26psc%3D1&aref=4fYbFweix2&sp_cr=ZAZ	Unisex-Adult Genuine Leather Messenger Bag Slings Bag|Sb1159	4.3	javascript:void(0)	4.3 out of 5 stars	https://www.amazon.in/sspa/click?ie=UTF8&spc=MTo4OTI3Mzg0ODUyMDc5MTc6MTc3NDEwNTM0NTpzcF9hdGY6MzAwODg5NDU2MTAyNzMyOjowOjo&url=%2FHAMMONDS-FLYCATCHER-Sling-Bag-Men%2Fdp%2FB0919ZW7RK%2Fref%3Dsr_1_1_sspa%3Fcrid%3D2577D2O13T9EQ%26dib%3DeyJ2IjoiMSJ9.2s0pirXETG8_uu6fo2eZJxHQRbU3Xq1BFtsBxzGTcgAK9TJ3F95d_VOkSKBmlpqtgvwEtiY_51UFIkaxfj_ve_3PkER5Fj0AxPD6u-kTpeg-osB_1BXbbSzEW4E-eQdbeSbpEDb3iwcWN-0yBe378pi0EGSW-iGklNW_RqPICC--yXQitnZs4ho_4bD9VEbl1eboyHNcS0ehbLfvj0tJ3n5frKwY5-n8viUiLmLqb8J13mUw7l0-bbkRmViWfNlDA9CZUXIvDWLe3AwYhNBKltFbR5PYNPSi0kHQrCXNTmw.shIh9DlYNKukdY0JvLx0xsd5CF-R_oJGNQd-BXqxH30%26dib_tag%3Dse%26keywords%3Dleather%2Bsling%2Bbag%26qid%3D1774105345%26sprefix%3Dleather%2Bsling%2Bbag%252Caps%252C483%26sr%3D8-1-spons%26aref%3D4fYbFweix2%26sp_csd%3Dd2lkZ2V0TmFtZT1zcF9hdGY%26psc%3D1&aref=4fYbFweix2&sp_cr=ZAZ#customerReviews	(354)	https://www.amazon.in/deals	Limited time deal	₹1,649	1,649	M.R.P: ₹5,999	M.R.P:	₹5,999	(73% off)	2% off coupon applied	Save 2%	FREE delivery	Wed, 25 Mar						
https://www.amazon.in/sspa/click?ie=UTF8&spc=MTo4OTI3Mzg0ODUyMDc5MTc6MTc3NDEwNTM0NTpzcF9hdGY6MzAwMDYyNjI3NTAzOTMyOjowOjo&url=%2FDERBEN-CLOVE-Office-Travel-Messenger%2Fdp%2FB0CH71PX2J%2Fref%3Dsr_1_2_sspa%3Fcrid%3D2577D2O13T9EQ%26dib%3DeyJ2IjoiMSJ9.2s0pirXETG8_uu6fo2eZJxHQRbU3Xq1BFtsBxzGTcgAK9TJ3F95d_VOkSKBmlpqtgvwEtiY_51UFIkaxfj_ve_3PkER5Fj0AxPD6u-kTpeg-osB_1BXbbSzEW4E-eQdbeSbpEDb3iwcWN-0yBe378pi0EGSW-iGklNW_RqPICC--yXQitnZs4ho_4bD9VEbl1eboyHNcS0ehbLfvj0tJ3n5frKwY5-n8viUiLmLqb8J13mUw7l0-bbkRmViWfNlDA9CZUXIvDWLe3AwYhNBKltFbR5PYNPSi0kHQrCXNTmw.shIh9DlYNKukdY0JvLx0xsd5CF-R_oJGNQd-BXqxH30%26dib_tag%3Dse%26keywords%3Dleather%2Bsling%2Bbag%26qid%3D1774105345%26sprefix%3Dleather%2Bsling%2Bbag%252Caps%252C483%26sr%3D8-2-spons%26aref%3DGRue9qOBO5%26sp_csd%3Dd2lkZ2V0TmFtZT1zcF9hdGY%26psc%3D1&aref=GRue9qOBO5&sp_cr=ZAZ	https://m.media-amazon.com/images/I/71NulnuoQ+L._AC_UL320_.jpg	javascript:void(0)	Sponsored	Sponsored	You are seeing this ad based on the product’s relevance to your search query.	https://www.amazon.in/s?k=leather+sling+bag&crid=2577D2O13T9EQ&sprefix=leather+sling+bag%2Caps%2C483&ref=nb_sb_noss_1#	Let us know	DERBEN CLOVE	https://www.amazon.in/sspa/click?ie=UTF8&spc=MTo4OTI3Mzg0ODUyMDc5MTc6MTc3NDEwNTM0NTpzcF9hdGY6MzAwMDYyNjI3NTAzOTMyOjowOjo&url=%2FDERBEN-CLOVE-Office-Travel-Messenger%2Fdp%2FB0CH71PX2J%2Fref%3Dsr_1_2_sspa%3Fcrid%3D2577D2O13T9EQ%26dib%3DeyJ2IjoiMSJ9.2s0pirXETG8_uu6fo2eZJxHQRbU3Xq1BFtsBxzGTcgAK9TJ3F95d_VOkSKBmlpqtgvwEtiY_51UFIkaxfj_ve_3PkER5Fj0AxPD6u-kTpeg-osB_1BXbbSzEW4E-eQdbeSbpEDb3iwcWN-0yBe378pi0EGSW-iGklNW_RqPICC--yXQitnZs4ho_4bD9VEbl1eboyHNcS0ehbLfvj0tJ3n5frKwY5-n8viUiLmLqb8J13mUw7l0-bbkRmViWfNlDA9CZUXIvDWLe3AwYhNBKltFbR5PYNPSi0kHQrCXNTmw.shIh9DlYNKukdY0JvLx0xsd5CF-R_oJGNQd-BXqxH30%26dib_tag%3Dse%26keywords%3Dleather%2Bsling%2Bbag%26qid%3D1774105345%26sprefix%3Dleather%2Bsling%2Bbag%252Caps%252C483%26sr%3D8-2-spons%26aref%3DGRue9qOBO5%26sp_csd%3Dd2lkZ2V0TmFtZT1zcF9hdGY%26psc%3D1&aref=GRue9qOBO5&sp_cr=ZAZ	Side Sling Office leather handbag Shoulder Tablet Money Bag daily purpose For Men and Women Black	4.2	javascript:void(0)	4.2 out of 5 stars	https://www.amazon.in/sspa/click?ie=UTF8&spc=MTo4OTI3Mzg0ODUyMDc5MTc6MTc3NDEwNTM0NTpzcF9hdGY6MzAwMDYyNjI3NTAzOTMyOjowOjo&url=%2FDERBEN-CLOVE-Office-Travel-Messenger%2Fdp%2FB0CH71PX2J%2Fref%3Dsr_1_2_sspa%3Fcrid%3D2577D2O13T9EQ%26dib%3DeyJ2IjoiMSJ9.2s0pirXETG8_uu6fo2eZJxHQRbU3Xq1BFtsBxzGTcgAK9TJ3F95d_VOkSKBmlpqtgvwEtiY_51UFIkaxfj_ve_3PkER5Fj0AxPD6u-kTpeg-osB_1BXbbSzEW4E-eQdbeSbpEDb3iwcWN-0yBe378pi0EGSW-iGklNW_RqPICC--yXQitnZs4ho_4bD9VEbl1eboyHNcS0ehbLfvj0tJ3n5frKwY5-n8viUiLmLqb8J13mUw7l0-bbkRmViWfNlDA9CZUXIvDWLe3AwYhNBKltFbR5PYNPSi0kHQrCXNTmw.shIh9DlYNKukdY0JvLx0xsd5CF-R_oJGNQd-BXqxH30%26dib_tag%3Dse%26keywords%3Dleather%2Bsling%2Bbag%26qid%3D1774105345%26sprefix%3Dleather%2Bsling%2Bbag%252Caps%252C483%26sr%3D8-2-spons%26aref%3DGRue9qOBO5%26sp_csd%3Dd2lkZ2V0TmFtZT1zcF9hdGY%26psc%3D1&aref=GRue9qOBO5&sp_cr=ZAZ#customerReviews	(58)	https://www.amazon.in/deals	Limited time deal	₹845	845	M.R.P: ₹2,999	50+ bought in past month	₹2,999	(72% off)		M.R.P:	FREE delivery	Sat, 28 Mar						
https://www.amazon.in/sspa/click?ie=UTF8&spc=MTo4OTI3Mzg0ODUyMDc5MTc6MTc3NDEwNTM0NTpzcF9hdGY6MzAwNDkzNTIwMTIxNTMyOjowOjo&url=%2FGOLD-SKY-Stylish-Messenger-Shoulder%2Fdp%2FB0CZ6YR8NS%2Fref%3Dsr_1_3_sspa%3Fcrid%3D2577D2O13T9EQ%26dib%3DeyJ2IjoiMSJ9.2s0pirXETG8_uu6fo2eZJxHQRbU3Xq1BFtsBxzGTcgAK9TJ3F95d_VOkSKBmlpqtgvwEtiY_51UFIkaxfj_ve_3PkER5Fj0AxPD6u-kTpeg-osB_1BXbbSzEW4E-eQdbeSbpEDb3iwcWN-0yBe378pi0EGSW-iGklNW_RqPICC--yXQitnZs4ho_4bD9VEbl1eboyHNcS0ehbLfvj0tJ3n5frKwY5-n8viUiLmLqb8J13mUw7l0-bbkRmViWfNlDA9CZUXIvDWLe3AwYhNBKltFbR5PYNPSi0kHQrCXNTmw.shIh9DlYNKukdY0JvLx0xsd5CF-R_oJGNQd-BXqxH30%26dib_tag%3Dse%26keywords%3Dleather%2Bsling%2Bbag%26qid%3D1774105345%26sprefix%3Dleather%2Bsling%2Bbag%252Caps%252C483%26sr%3D8-3-spons%26aref%3DjLA6vlffk4%26sp_csd%3Dd2lkZ2V0TmFtZT1zcF9hdGY%26psc%3D1&aref=jLA6vlffk4&sp_cr=ZAZ	https://m.media-amazon.com/images/I/710gvFbjecL._AC_UL320_.jpg	javascript:void(0)	Sponsored	Sponsored	You are seeing this ad based on the product’s relevance to your search query.	https://www.amazon.in/s?k=leather+sling+bag&crid=2577D2O13T9EQ&sprefix=leather+sling+bag%2Caps%2C483&ref=nb_sb_noss_1#	Let us know	GOLD SKY	https://www.amazon.in/sspa/click?ie=UTF8&spc=MTo4OTI3Mzg0ODUyMDc5MTc6MTc3NDEwNTM0NTpzcF9hdGY6MzAwNDkzNTIwMTIxNTMyOjowOjo&url=%2FGOLD-SKY-Stylish-Messenger-Shoulder%2Fdp%2FB0CZ6YR8NS%2Fref%3Dsr_1_3_sspa%3Fcrid%3D2577D2O13T9EQ%26dib%3DeyJ2IjoiMSJ9.2s0pirXETG8_uu6fo2eZJxHQRbU3Xq1BFtsBxzGTcgAK9TJ3F95d_VOkSKBmlpqtgvwEtiY_51UFIkaxfj_ve_3PkER5Fj0AxPD6u-kTpeg-osB_1BXbbSzEW4E-eQdbeSbpEDb3iwcWN-0yBe378pi0EGSW-iGklNW_RqPICC--yXQitnZs4ho_4bD9VEbl1eboyHNcS0ehbLfvj0tJ3n5frKwY5-n8viUiLmLqb8J13mUw7l0-bbkRmViWfNlDA9CZUXIvDWLe3AwYhNBKltFbR5PYNPSi0kHQrCXNTmw.shIh9DlYNKukdY0JvLx0xsd5CF-R_oJGNQd-BXqxH30%26dib_tag%3Dse%26keywords%3Dleather%2Bsling%2Bbag%26qid%3D1774105345%26sprefix%3Dleather%2Bsling%2Bbag%252Caps%252C483%26sr%3D8-3-spons%26aref%3DjLA6vlffk4%26sp_csd%3Dd2lkZ2V0TmFtZT1zcF9hdGY%26psc%3D1&aref=jLA6vlffk4&sp_cr=ZAZ	Shade Stylish PU Leather Sling Cross Body Travel Office Messenger One Side Shoulder Bag for Men	4.3	javascript:void(0)	4.3 out of 5 stars	https://www.amazon.in/sspa/click?ie=UTF8&spc=MTo4OTI3Mzg0ODUyMDc5MTc6MTc3NDEwNTM0NTpzcF9hdGY6MzAwNDkzNTIwMTIxNTMyOjowOjo&url=%2FGOLD-SKY-Stylish-Messenger-Shoulder%2Fdp%2FB0CZ6YR8NS%2Fref%3Dsr_1_3_sspa%3Fcrid%3D2577D2O13T9EQ%26dib%3DeyJ2IjoiMSJ9.2s0pirXETG8_uu6fo2eZJxHQRbU3Xq1BFtsBxzGTcgAK9TJ3F95d_VOkSKBmlpqtgvwEtiY_51UFIkaxfj_ve_3PkER5Fj0AxPD6u-kTpeg-osB_1BXbbSzEW4E-eQdbeSbpEDb3iwcWN-0yBe378pi0EGSW-iGklNW_RqPICC--yXQitnZs4ho_4bD9VEbl1eboyHNcS0ehbLfvj0tJ3n5frKwY5-n8viUiLmLqb8J13mUw7l0-bbkRmViWfNlDA9CZUXIvDWLe3AwYhNBKltFbR5PYNPSi0kHQrCXNTmw.shIh9DlYNKukdY0JvLx0xsd5CF-R_oJGNQd-BXqxH30%26dib_tag%3Dse%26keywords%3Dleather%2Bsling%2Bbag%26qid%3D1774105345%26sprefix%3Dleather%2Bsling%2Bbag%252Caps%252C483%26sr%3D8-3-spons%26aref%3DjLA6vlffk4%26sp_csd%3Dd2lkZ2V0TmFtZT1zcF9hdGY%26psc%3D1&aref=jLA6vlffk4&sp_cr=ZAZ#customerReviews	(674)	https://www.amazon.in/sspa/click?ie=UTF8&spc=MTo4OTI3Mzg0ODUyMDc5MTc6MTc3NDEwNTM0NTpzcF9hdGY6MzAwNDkzNTIwMTIxNTMyOjowOjo&url=%2FGOLD-SKY-Stylish-Messenger-Shoulder%2Fdp%2FB0CZ6YR8NS%2Fref%3Dsr_1_3_sspa%3Fcrid%3D2577D2O13T9EQ%26dib%3DeyJ2IjoiMSJ9.2s0pirXETG8_uu6fo2eZJxHQRbU3Xq1BFtsBxzGTcgAK9TJ3F95d_VOkSKBmlpqtgvwEtiY_51UFIkaxfj_ve_3PkER5Fj0AxPD6u-kTpeg-osB_1BXbbSzEW4E-eQdbeSbpEDb3iwcWN-0yBe378pi0EGSW-iGklNW_RqPICC--yXQitnZs4ho_4bD9VEbl1eboyHNcS0ehbLfvj0tJ3n5frKwY5-n8viUiLmLqb8J13mUw7l0-bbkRmViWfNlDA9CZUXIvDWLe3AwYhNBKltFbR5PYNPSi0kHQrCXNTmw.shIh9DlYNKukdY0JvLx0xsd5CF-R_oJGNQd-BXqxH30%26dib_tag%3Dse%26keywords%3Dleather%2Bsling%2Bbag%26qid%3D1774105345%26sprefix%3Dleather%2Bsling%2Bbag%252Caps%252C483%26sr%3D8-3-spons%26aref%3DjLA6vlffk4%26sp_csd%3Dd2lkZ2V0TmFtZT1zcF9hdGY%26psc%3D1&aref=jLA6vlffk4&sp_cr=ZAZ		₹499	499	M.R.P: ₹2,999	200+ bought in past month	₹2,999	(83% off)		M.R.P:	FREE delivery	Sat, 28 Mar	Up to 5% back with Amazon Pay ICICI card	Up to 5% back with Amazon Pay ICICI card				
https://www.amazon.in/sspa/click?ie=UTF8&spc=MTo4OTI3Mzg0ODUyMDc5MTc6MTc3NDEwNTM0NTpzcF9hdGY6MzAwMjM0NjMwOTA0NzMyOjowOjo&url=%2FZOUK-Womens-Synthetic-Leather-Metallic%2Fdp%2FB07MP56DM2%2Fref%3Dsr_1_4_sspa%3Fcrid%3D2577D2O13T9EQ%26dib%3DeyJ2IjoiMSJ9.2s0pirXETG8_uu6fo2eZJxHQRbU3Xq1BFtsBxzGTcgAK9TJ3F95d_VOkSKBmlpqtgvwEtiY_51UFIkaxfj_ve_3PkER5Fj0AxPD6u-kTpeg-osB_1BXbbSzEW4E-eQdbeSbpEDb3iwcWN-0yBe378pi0EGSW-iGklNW_RqPICC--yXQitnZs4ho_4bD9VEbl1eboyHNcS0ehbLfvj0tJ3n5frKwY5-n8viUiLmLqb8J13mUw7l0-bbkRmViWfNlDA9CZUXIvDWLe3AwYhNBKltFbR5PYNPSi0kHQrCXNTmw.shIh9DlYNKukdY0JvLx0xsd5CF-R_oJGNQd-BXqxH30%26dib_tag%3Dse%26keywords%3Dleather%2Bsling%2Bbag%26qid%3D1774105345%26sprefix%3Dleather%2Bsling%2Bbag%252Caps%252C483%26sr%3D8-4-spons%26aref%3DfwfEDCztsH%26sp_csd%3Dd2lkZ2V0TmFtZT1zcF9hdGY%26psc%3D1&aref=fwfEDCztsH&sp_cr=ZAZ	https://m.media-amazon.com/images/I/81FpETx8stL._AC_UL320_.jpg	javascript:void(0)	Sponsored	Sponsored	You are seeing this ad based on the product’s relevance to your search query.	https://www.amazon.in/s?k=leather+sling+bag&crid=2577D2O13T9EQ&sprefix=leather+sling+bag%2Caps%2C483&ref=nb_sb_noss_1#	Let us know	ZOUK	https://www.amazon.in/sspa/click?ie=UTF8&spc=MTo4OTI3Mzg0ODUyMDc5MTc6MTc3NDEwNTM0NTpzcF9hdGY6MzAwMjM0NjMwOTA0NzMyOjowOjo&url=%2FZOUK-Womens-Synthetic-Leather-Metallic%2Fdp%2FB07MP56DM2%2Fref%3Dsr_1_4_sspa%3Fcrid%3D2577D2O13T9EQ%26dib%3DeyJ2IjoiMSJ9.2s0pirXETG8_uu6fo2eZJxHQRbU3Xq1BFtsBxzGTcgAK9TJ3F95d_VOkSKBmlpqtgvwEtiY_51UFIkaxfj_ve_3PkER5Fj0AxPD6u-kTpeg-osB_1BXbbSzEW4E-eQdbeSbpEDb3iwcWN-0yBe378pi0EGSW-iGklNW_RqPICC--yXQitnZs4ho_4bD9VEbl1eboyHNcS0ehbLfvj0tJ3n5frKwY5-n8viUiLmLqb8J13mUw7l0-bbkRmViWfNlDA9CZUXIvDWLe3AwYhNBKltFbR5PYNPSi0kHQrCXNTmw.shIh9DlYNKukdY0JvLx0xsd5CF-R_oJGNQd-BXqxH30%26dib_tag%3Dse%26keywords%3Dleather%2Bsling%2Bbag%26qid%3D1774105345%26sprefix%3Dleather%2Bsling%2Bbag%252Caps%252C483%26sr%3D8-4-spons%26aref%3DfwfEDCztsH%26sp_csd%3Dd2lkZ2V0TmFtZT1zcF9hdGY%26psc%3D1&aref=fwfEDCztsH&sp_cr=ZAZ	Sling Bag_1	4.4	javascript:void(0)	4.4 out of 5 stars	https://www.amazon.in/sspa/click?ie=UTF8&spc=MTo4OTI3Mzg0ODUyMDc5MTc6MTc3NDEwNTM0NTpzcF9hdGY6MzAwMjM0NjMwOTA0NzMyOjowOjo&url=%2FZOUK-Womens-Synthetic-Leather-Metallic%2Fdp%2FB07MP56DM2%2Fref%3Dsr_1_4_sspa%3Fcrid%3D2577D2O13T9EQ%26dib%3DeyJ2IjoiMSJ9.2s0pirXETG8_uu6fo2eZJxHQRbU3Xq1BFtsBxzGTcgAK9TJ3F95d_VOkSKBmlpqtgvwEtiY_51UFIkaxfj_ve_3PkER5Fj0AxPD6u-kTpeg-osB_1BXbbSzEW4E-eQdbeSbpEDb3iwcWN-0yBe378pi0EGSW-iGklNW_RqPICC--yXQitnZs4ho_4bD9VEbl1eboyHNcS0ehbLfvj0tJ3n5frKwY5-n8viUiLmLqb8J13mUw7l0-bbkRmViWfNlDA9CZUXIvDWLe3AwYhNBKltFbR5PYNPSi0kHQrCXNTmw.shIh9DlYNKukdY0JvLx0xsd5CF-R_oJGNQd-BXqxH30%26dib_tag%3Dse%26keywords%3Dleather%2Bsling%2Bbag%26qid%3D1774105345%26sprefix%3Dleather%2Bsling%2Bbag%252Caps%252C483%26sr%3D8-4-spons%26aref%3DfwfEDCztsH%26sp_csd%3Dd2lkZ2V0TmFtZT1zcF9hdGY%26psc%3D1&aref=fwfEDCztsH&sp_cr=ZAZ#customerReviews	(1.8K)	https://www.amazon.in/sspa/click?ie=UTF8&spc=MTo4OTI3Mzg0ODUyMDc5MTc6MTc3NDEwNTM0NTpzcF9hdGY6MzAwMjM0NjMwOTA0NzMyOjowOjo&url=%2FZOUK-Womens-Synthetic-Leather-Metallic%2Fdp%2FB07MP56DM2%2Fref%3Dsr_1_4_sspa%3Fcrid%3D2577D2O13T9EQ%26dib%3DeyJ2IjoiMSJ9.2s0pirXETG8_uu6fo2eZJxHQRbU3Xq1BFtsBxzGTcgAK9TJ3F95d_VOkSKBmlpqtgvwEtiY_51UFIkaxfj_ve_3PkER5Fj0AxPD6u-kTpeg-osB_1BXbbSzEW4E-eQdbeSbpEDb3iwcWN-0yBe378pi0EGSW-iGklNW_RqPICC--yXQitnZs4ho_4bD9VEbl1eboyHNcS0ehbLfvj0tJ3n5frKwY5-n8viUiLmLqb8J13mUw7l0-bbkRmViWfNlDA9CZUXIvDWLe3AwYhNBKltFbR5PYNPSi0kHQrCXNTmw.shIh9DlYNKukdY0JvLx0xsd5CF-R_oJGNQd-BXqxH30%26dib_tag%3Dse%26keywords%3Dleather%2Bsling%2Bbag%26qid%3D1774105345%26sprefix%3Dleather%2Bsling%2Bbag%252Caps%252C483%26sr%3D8-4-spons%26aref%3DfwfEDCztsH%26sp_csd%3Dd2lkZ2V0TmFtZT1zcF9hdGY%26psc%3D1&aref=fwfEDCztsH&sp_cr=ZAZ		₹829	829	M.R.P: ₹3,248	200+ bought in past month	₹3,248	(74% off)		M.R.P:	FREE delivery	Wed, 25 Mar	Up to 5% back with Amazon Pay ICICI card	Up to 5% back with Amazon Pay ICICI card	Or  get FREE delivery	.prime-brand-color {color: #0064f9; }	Prime members	Tue, 24 Mar
https://www.amazon.in/Pramadda-Pure-Luxury-Crossbody-Corporate/dp/B097L9HP2X/ref=sr_1_5?crid=2577D2O13T9EQ&dib=eyJ2IjoiMSJ9.2s0pirXETG8_uu6fo2eZJxHQRbU3Xq1BFtsBxzGTcgAK9TJ3F95d_VOkSKBmlpqtgvwEtiY_51UFIkaxfj_ve_3PkER5Fj0AxPD6u-kTpeg-osB_1BXbbSzEW4E-eQdbeSbpEDb3iwcWN-0yBe378pi0EGSW-iGklNW_RqPICC--yXQitnZs4ho_4bD9VEbl1eboyHNcS0ehbLfvj0tJ3n5frKwY5-n8viUiLmLqb8J13mUw7l0-bbkRmViWfNlDA9CZUXIvDWLe3AwYhNBKltFbR5PYNPSi0kHQrCXNTmw.shIh9DlYNKukdY0JvLx0xsd5CF-R_oJGNQd-BXqxH30&dib_tag=se&keywords=leather+sling+bag&qid=1774105345&sprefix=leather+sling+bag%2Caps%2C483&sr=8-5	https://m.media-amazon.com/images/I/81ID13aEWoL._AC_UL320_.jpg			2% off coupon applied		https://www.amazon.in/Pramadda-Pure-Luxury-Crossbody-Corporate/dp/B097L9HP2X/ref=sr_1_5?crid=2577D2O13T9EQ&dib=eyJ2IjoiMSJ9.2s0pirXETG8_uu6fo2eZJxHQRbU3Xq1BFtsBxzGTcgAK9TJ3F95d_VOkSKBmlpqtgvwEtiY_51UFIkaxfj_ve_3PkER5Fj0AxPD6u-kTpeg-osB_1BXbbSzEW4E-eQdbeSbpEDb3iwcWN-0yBe378pi0EGSW-iGklNW_RqPICC--yXQitnZs4ho_4bD9VEbl1eboyHNcS0ehbLfvj0tJ3n5frKwY5-n8viUiLmLqb8J13mUw7l0-bbkRmViWfNlDA9CZUXIvDWLe3AwYhNBKltFbR5PYNPSi0kHQrCXNTmw.shIh9DlYNKukdY0JvLx0xsd5CF-R_oJGNQd-BXqxH30&dib_tag=se&keywords=leather+sling+bag&qid=1774105345&sprefix=leather+sling+bag%2Caps%2C483&sr=8-5		Pramadda Pure Luxury	https://www.amazon.in/Pramadda-Pure-Luxury-Crossbody-Corporate/dp/B097L9HP2X/ref=sr_1_5?crid=2577D2O13T9EQ&dib=eyJ2IjoiMSJ9.2s0pirXETG8_uu6fo2eZJxHQRbU3Xq1BFtsBxzGTcgAK9TJ3F95d_VOkSKBmlpqtgvwEtiY_51UFIkaxfj_ve_3PkER5Fj0AxPD6u-kTpeg-osB_1BXbbSzEW4E-eQdbeSbpEDb3iwcWN-0yBe378pi0EGSW-iGklNW_RqPICC--yXQitnZs4ho_4bD9VEbl1eboyHNcS0ehbLfvj0tJ3n5frKwY5-n8viUiLmLqb8J13mUw7l0-bbkRmViWfNlDA9CZUXIvDWLe3AwYhNBKltFbR5PYNPSi0kHQrCXNTmw.shIh9DlYNKukdY0JvLx0xsd5CF-R_oJGNQd-BXqxH30&dib_tag=se&keywords=leather+sling+bag&qid=1774105345&sprefix=leather+sling+bag%2Caps%2C483&sr=8-5#customerReviews	Gloss Leather Small Sling Bag for Men | Chest Slinger bag | Crossbody Bag| Side Bag Men | Mini Leather Slings | Corporate Gift Item | Passport Sling.	4.2	javascript:void(0)	4.2 out of 5 stars	https://www.amazon.in/Pramadda-Pure-Luxury-Crossbody-Corporate/dp/B097L9HP2X/ref=sr_1_5?crid=2577D2O13T9EQ&dib=eyJ2IjoiMSJ9.2s0pirXETG8_uu6fo2eZJxHQRbU3Xq1BFtsBxzGTcgAK9TJ3F95d_VOkSKBmlpqtgvwEtiY_51UFIkaxfj_ve_3PkER5Fj0AxPD6u-kTpeg-osB_1BXbbSzEW4E-eQdbeSbpEDb3iwcWN-0yBe378pi0EGSW-iGklNW_RqPICC--yXQitnZs4ho_4bD9VEbl1eboyHNcS0ehbLfvj0tJ3n5frKwY5-n8viUiLmLqb8J13mUw7l0-bbkRmViWfNlDA9CZUXIvDWLe3AwYhNBKltFbR5PYNPSi0kHQrCXNTmw.shIh9DlYNKukdY0JvLx0xsd5CF-R_oJGNQd-BXqxH30&dib_tag=se&keywords=leather+sling+bag&qid=1774105345&sprefix=leather+sling+bag%2Caps%2C483&sr=8-5	(1.3K)		Amazon's	₹449	449	M.R.P: ₹1,499	200+ bought in past month	₹1,499	(70% off)	with coupon (limited sizes/colours)	M.R.P:	FREE delivery  on ₹499 of items fulfilled by Amazon	Sat, 28 Mar						
https://www.amazon.in/Martucci-Stylish-Leather-Messenger-Shoulder/dp/B09PC36KNR/ref=sr_1_6?crid=2577D2O13T9EQ&dib=eyJ2IjoiMSJ9.2s0pirXETG8_uu6fo2eZJxHQRbU3Xq1BFtsBxzGTcgAK9TJ3F95d_VOkSKBmlpqtgvwEtiY_51UFIkaxfj_ve_3PkER5Fj0AxPD6u-kTpeg-osB_1BXbbSzEW4E-eQdbeSbpEDb3iwcWN-0yBe378pi0EGSW-iGklNW_RqPICC--yXQitnZs4ho_4bD9VEbl1eboyHNcS0ehbLfvj0tJ3n5frKwY5-n8viUiLmLqb8J13mUw7l0-bbkRmViWfNlDA9CZUXIvDWLe3AwYhNBKltFbR5PYNPSi0kHQrCXNTmw.shIh9DlYNKukdY0JvLx0xsd5CF-R_oJGNQd-BXqxH30&dib_tag=se&keywords=leather+sling+bag&qid=1774105345&sprefix=leather+sling+bag%2Caps%2C483&sr=8-6	https://m.media-amazon.com/images/I/71kXBMhajiL._AC_UL320_.jpg			2% off coupon applied		https://www.amazon.in/Martucci-Stylish-Leather-Messenger-Shoulder/dp/B09PC36KNR/ref=sr_1_6?crid=2577D2O13T9EQ&dib=eyJ2IjoiMSJ9.2s0pirXETG8_uu6fo2eZJxHQRbU3Xq1BFtsBxzGTcgAK9TJ3F95d_VOkSKBmlpqtgvwEtiY_51UFIkaxfj_ve_3PkER5Fj0AxPD6u-kTpeg-osB_1BXbbSzEW4E-eQdbeSbpEDb3iwcWN-0yBe378pi0EGSW-iGklNW_RqPICC--yXQitnZs4ho_4bD9VEbl1eboyHNcS0ehbLfvj0tJ3n5frKwY5-n8viUiLmLqb8J13mUw7l0-bbkRmViWfNlDA9CZUXIvDWLe3AwYhNBKltFbR5PYNPSi0kHQrCXNTmw.shIh9DlYNKukdY0JvLx0xsd5CF-R_oJGNQd-BXqxH30&dib_tag=se&keywords=leather+sling+bag&qid=1774105345&sprefix=leather+sling+bag%2Caps%2C483&sr=8-6		Martucci	https://www.amazon.in/Martucci-Stylish-Leather-Messenger-Shoulder/dp/B09PC36KNR/ref=sr_1_6?crid=2577D2O13T9EQ&dib=eyJ2IjoiMSJ9.2s0pirXETG8_uu6fo2eZJxHQRbU3Xq1BFtsBxzGTcgAK9TJ3F95d_VOkSKBmlpqtgvwEtiY_51UFIkaxfj_ve_3PkER5Fj0AxPD6u-kTpeg-osB_1BXbbSzEW4E-eQdbeSbpEDb3iwcWN-0yBe378pi0EGSW-iGklNW_RqPICC--yXQitnZs4ho_4bD9VEbl1eboyHNcS0ehbLfvj0tJ3n5frKwY5-n8viUiLmLqb8J13mUw7l0-bbkRmViWfNlDA9CZUXIvDWLe3AwYhNBKltFbR5PYNPSi0kHQrCXNTmw.shIh9DlYNKukdY0JvLx0xsd5CF-R_oJGNQd-BXqxH30&dib_tag=se&keywords=leather+sling+bag&qid=1774105345&sprefix=leather+sling+bag%2Caps%2C483&sr=8-6#customerReviews	PU Leather Sling Bag for Men & Women – 7L Crossbody Shoulder Bag | Stylish Messenger Bag for Travel, Office, Business & Daily Use | Adjustable Strap One Side Bag	4.4	javascript:void(0)	4.4 out of 5 stars	https://www.amazon.in/deals	(635)	https://www.amazon.in/Martucci-Stylish-Leather-Messenger-Shoulder/dp/B09PC36KNR/ref=sr_1_6?crid=2577D2O13T9EQ&dib=eyJ2IjoiMSJ9.2s0pirXETG8_uu6fo2eZJxHQRbU3Xq1BFtsBxzGTcgAK9TJ3F95d_VOkSKBmlpqtgvwEtiY_51UFIkaxfj_ve_3PkER5Fj0AxPD6u-kTpeg-osB_1BXbbSzEW4E-eQdbeSbpEDb3iwcWN-0yBe378pi0EGSW-iGklNW_RqPICC--yXQitnZs4ho_4bD9VEbl1eboyHNcS0ehbLfvj0tJ3n5frKwY5-n8viUiLmLqb8J13mUw7l0-bbkRmViWfNlDA9CZUXIvDWLe3AwYhNBKltFbR5PYNPSi0kHQrCXNTmw.shIh9DlYNKukdY0JvLx0xsd5CF-R_oJGNQd-BXqxH30&dib_tag=se&keywords=leather+sling+bag&qid=1774105345&sprefix=leather+sling+bag%2Caps%2C483&sr=8-6	Limited time deal	₹453	453	M.R.P: ₹1,149	200+ bought in past month	₹1,149	(61% off)	with coupon (limited sizes/colours)	M.R.P:	FREE delivery  on ₹499 of items fulfilled by Amazon	Sat, 28 Mar						
https://www.amazon.in/BROGBUS-Business-Messenger-Sling-10-05inch/dp/B09QLD9GJY/ref=sr_1_7?crid=2577D2O13T9EQ&dib=eyJ2IjoiMSJ9.2s0pirXETG8_uu6fo2eZJxHQRbU3Xq1BFtsBxzGTcgAK9TJ3F95d_VOkSKBmlpqtgvwEtiY_51UFIkaxfj_ve_3PkER5Fj0AxPD6u-kTpeg-osB_1BXbbSzEW4E-eQdbeSbpEDb3iwcWN-0yBe378pi0EGSW-iGklNW_RqPICC--yXQitnZs4ho_4bD9VEbl1eboyHNcS0ehbLfvj0tJ3n5frKwY5-n8viUiLmLqb8J13mUw7l0-bbkRmViWfNlDA9CZUXIvDWLe3AwYhNBKltFbR5PYNPSi0kHQrCXNTmw.shIh9DlYNKukdY0JvLx0xsd5CF-R_oJGNQd-BXqxH30&dib_tag=se&keywords=leather+sling+bag&qid=1774105345&sprefix=leather+sling+bag%2Caps%2C483&sr=8-7	https://m.media-amazon.com/images/I/61JaY6+ldfL._AC_UL320_.jpg			2% off coupon applied		https://www.amazon.in/BROGBUS-Business-Messenger-Sling-10-05inch/dp/B09QLD9GJY/ref=sr_1_7?crid=2577D2O13T9EQ&dib=eyJ2IjoiMSJ9.2s0pirXETG8_uu6fo2eZJxHQRbU3Xq1BFtsBxzGTcgAK9TJ3F95d_VOkSKBmlpqtgvwEtiY_51UFIkaxfj_ve_3PkER5Fj0AxPD6u-kTpeg-osB_1BXbbSzEW4E-eQdbeSbpEDb3iwcWN-0yBe378pi0EGSW-iGklNW_RqPICC--yXQitnZs4ho_4bD9VEbl1eboyHNcS0ehbLfvj0tJ3n5frKwY5-n8viUiLmLqb8J13mUw7l0-bbkRmViWfNlDA9CZUXIvDWLe3AwYhNBKltFbR5PYNPSi0kHQrCXNTmw.shIh9DlYNKukdY0JvLx0xsd5CF-R_oJGNQd-BXqxH30&dib_tag=se&keywords=leather+sling+bag&qid=1774105345&sprefix=leather+sling+bag%2Caps%2C483&sr=8-7		BROGBUS	https://www.amazon.in/BROGBUS-Business-Messenger-Sling-10-05inch/dp/B09QLD9GJY/ref=sr_1_7?crid=2577D2O13T9EQ&dib=eyJ2IjoiMSJ9.2s0pirXETG8_uu6fo2eZJxHQRbU3Xq1BFtsBxzGTcgAK9TJ3F95d_VOkSKBmlpqtgvwEtiY_51UFIkaxfj_ve_3PkER5Fj0AxPD6u-kTpeg-osB_1BXbbSzEW4E-eQdbeSbpEDb3iwcWN-0yBe378pi0EGSW-iGklNW_RqPICC--yXQitnZs4ho_4bD9VEbl1eboyHNcS0ehbLfvj0tJ3n5frKwY5-n8viUiLmLqb8J13mUw7l0-bbkRmViWfNlDA9CZUXIvDWLe3AwYhNBKltFbR5PYNPSi0kHQrCXNTmw.shIh9DlYNKukdY0JvLx0xsd5CF-R_oJGNQd-BXqxH30&dib_tag=se&keywords=leather+sling+bag&qid=1774105345&sprefix=leather+sling+bag%2Caps%2C483&sr=8-7#customerReviews	Waterproof Unisex Laptop Slim Sleeve Bag for Laptops and Notebooks with Shoulder Strap	4.1	javascript:void(0)	4.1 out of 5 stars	https://www.amazon.in/deals	(1.2K)	https://www.amazon.in/BROGBUS-Business-Messenger-Sling-10-05inch/dp/B09QLD9GJY/ref=sr_1_7?crid=2577D2O13T9EQ&dib=eyJ2IjoiMSJ9.2s0pirXETG8_uu6fo2eZJxHQRbU3Xq1BFtsBxzGTcgAK9TJ3F95d_VOkSKBmlpqtgvwEtiY_51UFIkaxfj_ve_3PkER5Fj0AxPD6u-kTpeg-osB_1BXbbSzEW4E-eQdbeSbpEDb3iwcWN-0yBe378pi0EGSW-iGklNW_RqPICC--yXQitnZs4ho_4bD9VEbl1eboyHNcS0ehbLfvj0tJ3n5frKwY5-n8viUiLmLqb8J13mUw7l0-bbkRmViWfNlDA9CZUXIvDWLe3AwYhNBKltFbR5PYNPSi0kHQrCXNTmw.shIh9DlYNKukdY0JvLx0xsd5CF-R_oJGNQd-BXqxH30&dib_tag=se&keywords=leather+sling+bag&qid=1774105345&sprefix=leather+sling+bag%2Caps%2C483&sr=8-7	Limited time deal	₹938	938	M.R.P: ₹1,099	100+ bought in past month	₹1,099	(15% off)	with coupon (limited sizes/colours)	M.R.P:	FREE delivery	Wed, 25 Mar			Or  get FREE delivery	.prime-brand-color {color: #0064f9; }	Prime members	Tue, 24 Mar
https://www.amazon.in/Womens-Stylish-Crossbody-Sling-Bag/dp/B0FQQ6H3RH/ref=sr_1_8?crid=2577D2O13T9EQ&dib=eyJ2IjoiMSJ9.2s0pirXETG8_uu6fo2eZJxHQRbU3Xq1BFtsBxzGTcgAK9TJ3F95d_VOkSKBmlpqtgvwEtiY_51UFIkaxfj_ve_3PkER5Fj0AxPD6u-kTpeg-osB_1BXbbSzEW4E-eQdbeSbpEDb3iwcWN-0yBe378pi0EGSW-iGklNW_RqPICC--yXQitnZs4ho_4bD9VEbl1eboyHNcS0ehbLfvj0tJ3n5frKwY5-n8viUiLmLqb8J13mUw7l0-bbkRmViWfNlDA9CZUXIvDWLe3AwYhNBKltFbR5PYNPSi0kHQrCXNTmw.shIh9DlYNKukdY0JvLx0xsd5CF-R_oJGNQd-BXqxH30&dib_tag=se&keywords=leather+sling+bag&qid=1774105345&sprefix=leather+sling+bag%2Caps%2C483&sr=8-8	https://m.media-amazon.com/images/I/9125rfPydzL._AC_UL320_.jpg			2% off coupon applied		https://www.amazon.in/Womens-Stylish-Crossbody-Sling-Bag/dp/B0FQQ6H3RH/ref=sr_1_8?crid=2577D2O13T9EQ&dib=eyJ2IjoiMSJ9.2s0pirXETG8_uu6fo2eZJxHQRbU3Xq1BFtsBxzGTcgAK9TJ3F95d_VOkSKBmlpqtgvwEtiY_51UFIkaxfj_ve_3PkER5Fj0AxPD6u-kTpeg-osB_1BXbbSzEW4E-eQdbeSbpEDb3iwcWN-0yBe378pi0EGSW-iGklNW_RqPICC--yXQitnZs4ho_4bD9VEbl1eboyHNcS0ehbLfvj0tJ3n5frKwY5-n8viUiLmLqb8J13mUw7l0-bbkRmViWfNlDA9CZUXIvDWLe3AwYhNBKltFbR5PYNPSi0kHQrCXNTmw.shIh9DlYNKukdY0JvLx0xsd5CF-R_oJGNQd-BXqxH30&dib_tag=se&keywords=leather+sling+bag&qid=1774105345&sprefix=leather+sling+bag%2Caps%2C483&sr=8-8		JI ACCESSORIES	https://www.amazon.in/Womens-Stylish-Crossbody-Sling-Bag/dp/B0FQQ6H3RH/ref=sr_1_8?crid=2577D2O13T9EQ&dib=eyJ2IjoiMSJ9.2s0pirXETG8_uu6fo2eZJxHQRbU3Xq1BFtsBxzGTcgAK9TJ3F95d_VOkSKBmlpqtgvwEtiY_51UFIkaxfj_ve_3PkER5Fj0AxPD6u-kTpeg-osB_1BXbbSzEW4E-eQdbeSbpEDb3iwcWN-0yBe378pi0EGSW-iGklNW_RqPICC--yXQitnZs4ho_4bD9VEbl1eboyHNcS0ehbLfvj0tJ3n5frKwY5-n8viUiLmLqb8J13mUw7l0-bbkRmViWfNlDA9CZUXIvDWLe3AwYhNBKltFbR5PYNPSi0kHQrCXNTmw.shIh9DlYNKukdY0JvLx0xsd5CF-R_oJGNQd-BXqxH30&dib_tag=se&keywords=leather+sling+bag&qid=1774105345&sprefix=leather+sling+bag%2Caps%2C483&sr=8-8#customerReviews	J I ACCESSORIES Women’s Stylish Crossbody Sling Bag – Elegant PU Leather Small Shoulder Purse with Adjustable Strap – Casual & Travel Handbag	4.3	javascript:void(0)	4.3 out of 5 stars	https://www.amazon.in/deals	(303)	https://www.amazon.in/Womens-Stylish-Crossbody-Sling-Bag/dp/B0FQQ6H3RH/ref=sr_1_8?crid=2577D2O13T9EQ&dib=eyJ2IjoiMSJ9.2s0pirXETG8_uu6fo2eZJxHQRbU3Xq1BFtsBxzGTcgAK9TJ3F95d_VOkSKBmlpqtgvwEtiY_51UFIkaxfj_ve_3PkER5Fj0AxPD6u-kTpeg-osB_1BXbbSzEW4E-eQdbeSbpEDb3iwcWN-0yBe378pi0EGSW-iGklNW_RqPICC--yXQitnZs4ho_4bD9VEbl1eboyHNcS0ehbLfvj0tJ3n5frKwY5-n8viUiLmLqb8J13mUw7l0-bbkRmViWfNlDA9CZUXIvDWLe3AwYhNBKltFbR5PYNPSi0kHQrCXNTmw.shIh9DlYNKukdY0JvLx0xsd5CF-R_oJGNQd-BXqxH30&dib_tag=se&keywords=leather+sling+bag&qid=1774105345&sprefix=leather+sling+bag%2Caps%2C483&sr=8-8	Limited time deal	₹272	272	M.R.P: ₹999	300+ bought in past month	₹999	(73% off)	with coupon (limited sizes/colours)	M.R.P:	FREE delivery	Thu, 26 Mar			Or  get FREE delivery	.prime-brand-color {color: #0064f9; }	Prime members	Wed, 25 Mar
https://www.amazon.in/HaveGlam-Vintage-Floral-Embossed-Crossbody/dp/B0GCNXM1H3/ref=sr_1_9?crid=2577D2O13T9EQ&dib=eyJ2IjoiMSJ9.2s0pirXETG8_uu6fo2eZJxHQRbU3Xq1BFtsBxzGTcgAK9TJ3F95d_VOkSKBmlpqtgvwEtiY_51UFIkaxfj_ve_3PkER5Fj0AxPD6u-kTpeg-osB_1BXbbSzEW4E-eQdbeSbpEDb3iwcWN-0yBe378pi0EGSW-iGklNW_RqPICC--yXQitnZs4ho_4bD9VEbl1eboyHNcS0ehbLfvj0tJ3n5frKwY5-n8viUiLmLqb8J13mUw7l0-bbkRmViWfNlDA9CZUXIvDWLe3AwYhNBKltFbR5PYNPSi0kHQrCXNTmw.shIh9DlYNKukdY0JvLx0xsd5CF-R_oJGNQd-BXqxH30&dib_tag=se&keywords=leather+sling+bag&qid=1774105345&sprefix=leather+sling+bag%2Caps%2C483&sr=8-9	https://m.media-amazon.com/images/I/41yFFLw+FBL._AC_UL320_.jpg			2% off coupon applied		https://www.amazon.in/HaveGlam-Vintage-Floral-Embossed-Crossbody/dp/B0GCNXM1H3/ref=sr_1_9?crid=2577D2O13T9EQ&dib=eyJ2IjoiMSJ9.2s0pirXETG8_uu6fo2eZJxHQRbU3Xq1BFtsBxzGTcgAK9TJ3F95d_VOkSKBmlpqtgvwEtiY_51UFIkaxfj_ve_3PkER5Fj0AxPD6u-kTpeg-osB_1BXbbSzEW4E-eQdbeSbpEDb3iwcWN-0yBe378pi0EGSW-iGklNW_RqPICC--yXQitnZs4ho_4bD9VEbl1eboyHNcS0ehbLfvj0tJ3n5frKwY5-n8viUiLmLqb8J13mUw7l0-bbkRmViWfNlDA9CZUXIvDWLe3AwYhNBKltFbR5PYNPSi0kHQrCXNTmw.shIh9DlYNKukdY0JvLx0xsd5CF-R_oJGNQd-BXqxH30&dib_tag=se&keywords=leather+sling+bag&qid=1774105345&sprefix=leather+sling+bag%2Caps%2C483&sr=8-9		HaveGlam	https://www.amazon.in/HaveGlam-Vintage-Floral-Embossed-Crossbody/dp/B0GCNXM1H3/ref=sr_1_9?crid=2577D2O13T9EQ&dib=eyJ2IjoiMSJ9.2s0pirXETG8_uu6fo2eZJxHQRbU3Xq1BFtsBxzGTcgAK9TJ3F95d_VOkSKBmlpqtgvwEtiY_51UFIkaxfj_ve_3PkER5Fj0AxPD6u-kTpeg-osB_1BXbbSzEW4E-eQdbeSbpEDb3iwcWN-0yBe378pi0EGSW-iGklNW_RqPICC--yXQitnZs4ho_4bD9VEbl1eboyHNcS0ehbLfvj0tJ3n5frKwY5-n8viUiLmLqb8J13mUw7l0-bbkRmViWfNlDA9CZUXIvDWLe3AwYhNBKltFbR5PYNPSi0kHQrCXNTmw.shIh9DlYNKukdY0JvLx0xsd5CF-R_oJGNQd-BXqxH30&dib_tag=se&keywords=leather+sling+bag&qid=1774105345&sprefix=leather+sling+bag%2Caps%2C483&sr=8-9#customerReviews	Vintage Floral Embossed Crossbody Bag for Women – PU Leather Shoulder Sling Bag, Stylish Small Handbag for Daily Use & Travel	4.1	javascript:void(0)	4.1 out of 5 stars	https://www.amazon.in/HaveGlam-Vintage-Floral-Embossed-Crossbody/dp/B0GCNXM1H3/ref=sr_1_9?crid=2577D2O13T9EQ&dib=eyJ2IjoiMSJ9.2s0pirXETG8_uu6fo2eZJxHQRbU3Xq1BFtsBxzGTcgAK9TJ3F95d_VOkSKBmlpqtgvwEtiY_51UFIkaxfj_ve_3PkER5Fj0AxPD6u-kTpeg-osB_1BXbbSzEW4E-eQdbeSbpEDb3iwcWN-0yBe378pi0EGSW-iGklNW_RqPICC--yXQitnZs4ho_4bD9VEbl1eboyHNcS0ehbLfvj0tJ3n5frKwY5-n8viUiLmLqb8J13mUw7l0-bbkRmViWfNlDA9CZUXIvDWLe3AwYhNBKltFbR5PYNPSi0kHQrCXNTmw.shIh9DlYNKukdY0JvLx0xsd5CF-R_oJGNQd-BXqxH30&dib_tag=se&keywords=leather+sling+bag&qid=1774105345&sprefix=leather+sling+bag%2Caps%2C483&sr=8-9	(43)			₹299	299	M.R.P: ₹999	600+ bought in past month	₹999	(70% off)	with coupon (limited sizes/colours)	M.R.P:	FREE delivery  on ₹499 of items fulfilled by Amazon	Thu, 26 Mar						
https://www.amazon.in/Messenger-Multipurpose-Crossbody-Adjustable-IDIMENSION/dp/B0792YVZ64/ref=sr_1_10?crid=2577D2O13T9EQ&dib=eyJ2IjoiMSJ9.2s0pirXETG8_uu6fo2eZJxHQRbU3Xq1BFtsBxzGTcgAK9TJ3F95d_VOkSKBmlpqtgvwEtiY_51UFIkaxfj_ve_3PkER5Fj0AxPD6u-kTpeg-osB_1BXbbSzEW4E-eQdbeSbpEDb3iwcWN-0yBe378pi0EGSW-iGklNW_RqPICC--yXQitnZs4ho_4bD9VEbl1eboyHNcS0ehbLfvj0tJ3n5frKwY5-n8viUiLmLqb8J13mUw7l0-bbkRmViWfNlDA9CZUXIvDWLe3AwYhNBKltFbR5PYNPSi0kHQrCXNTmw.shIh9DlYNKukdY0JvLx0xsd5CF-R_oJGNQd-BXqxH30&dib_tag=se&keywords=leather+sling+bag&qid=1774105345&sprefix=leather+sling+bag%2Caps%2C483&sr=8-10	https://m.media-amazon.com/images/I/91g2ILMG-TL._AC_UL320_.jpg					https://www.amazon.in/Messenger-Multipurpose-Crossbody-Adjustable-IDIMENSION/dp/B0792YVZ64/ref=sr_1_10?crid=2577D2O13T9EQ&dib=eyJ2IjoiMSJ9.2s0pirXETG8_uu6fo2eZJxHQRbU3Xq1BFtsBxzGTcgAK9TJ3F95d_VOkSKBmlpqtgvwEtiY_51UFIkaxfj_ve_3PkER5Fj0AxPD6u-kTpeg-osB_1BXbbSzEW4E-eQdbeSbpEDb3iwcWN-0yBe378pi0EGSW-iGklNW_RqPICC--yXQitnZs4ho_4bD9VEbl1eboyHNcS0ehbLfvj0tJ3n5frKwY5-n8viUiLmLqb8J13mUw7l0-bbkRmViWfNlDA9CZUXIvDWLe3AwYhNBKltFbR5PYNPSi0kHQrCXNTmw.shIh9DlYNKukdY0JvLx0xsd5CF-R_oJGNQd-BXqxH30&dib_tag=se&keywords=leather+sling+bag&qid=1774105345&sprefix=leather+sling+bag%2Caps%2C483&sr=8-10		WildHorn	https://www.amazon.in/Messenger-Multipurpose-Crossbody-Adjustable-IDIMENSION/dp/B0792YVZ64/ref=sr_1_10?crid=2577D2O13T9EQ&dib=eyJ2IjoiMSJ9.2s0pirXETG8_uu6fo2eZJxHQRbU3Xq1BFtsBxzGTcgAK9TJ3F95d_VOkSKBmlpqtgvwEtiY_51UFIkaxfj_ve_3PkER5Fj0AxPD6u-kTpeg-osB_1BXbbSzEW4E-eQdbeSbpEDb3iwcWN-0yBe378pi0EGSW-iGklNW_RqPICC--yXQitnZs4ho_4bD9VEbl1eboyHNcS0ehbLfvj0tJ3n5frKwY5-n8viUiLmLqb8J13mUw7l0-bbkRmViWfNlDA9CZUXIvDWLe3AwYhNBKltFbR5PYNPSi0kHQrCXNTmw.shIh9DlYNKukdY0JvLx0xsd5CF-R_oJGNQd-BXqxH30&dib_tag=se&keywords=leather+sling+bag&qid=1774105345&sprefix=leather+sling+bag%2Caps%2C483&sr=8-10#customerReviews	Leather Sling Messenger Bag for Men I Multipurpose Crossbody Bag I Travel Bag with Adjustable Strap I IDIMENSION: L- 8 inch H- 10.5 inch W- 2.75 inch	4.1	javascript:void(0)	4.1 out of 5 stars	https://www.amazon.in/deals	(1.3K)	https://www.amazon.in/Messenger-Multipurpose-Crossbody-Adjustable-IDIMENSION/dp/B0792YVZ64/ref=sr_1_10?crid=2577D2O13T9EQ&dib=eyJ2IjoiMSJ9.2s0pirXETG8_uu6fo2eZJxHQRbU3Xq1BFtsBxzGTcgAK9TJ3F95d_VOkSKBmlpqtgvwEtiY_51UFIkaxfj_ve_3PkER5Fj0AxPD6u-kTpeg-osB_1BXbbSzEW4E-eQdbeSbpEDb3iwcWN-0yBe378pi0EGSW-iGklNW_RqPICC--yXQitnZs4ho_4bD9VEbl1eboyHNcS0ehbLfvj0tJ3n5frKwY5-n8viUiLmLqb8J13mUw7l0-bbkRmViWfNlDA9CZUXIvDWLe3AwYhNBKltFbR5PYNPSi0kHQrCXNTmw.shIh9DlYNKukdY0JvLx0xsd5CF-R_oJGNQd-BXqxH30&dib_tag=se&keywords=leather+sling+bag&qid=1774105345&sprefix=leather+sling+bag%2Caps%2C483&sr=8-10	Limited time deal	₹1,889	1,889	M.R.P: ₹4,999	M.R.P:	₹4,999	(62% off)			FREE delivery	Thu, 26 Mar	Up to 5% back with Amazon Pay ICICI card	Up to 5% back with Amazon Pay ICI...	Or  get FREE delivery	.prime-brand-color {color: #0064f9; }	Prime members	Wed, 25 Mar
https://www.amazon.in/GOLD-SKY-Stylish-Messenger-Shoulder/dp/B0CZ71PTVC/ref=sr_1_11?crid=2577D2O13T9EQ&dib=eyJ2IjoiMSJ9.2s0pirXETG8_uu6fo2eZJxHQRbU3Xq1BFtsBxzGTcgAK9TJ3F95d_VOkSKBmlpqtgvwEtiY_51UFIkaxfj_ve_3PkER5Fj0AxPD6u-kTpeg-osB_1BXbbSzEW4E-eQdbeSbpEDb3iwcWN-0yBe378pi0EGSW-iGklNW_RqPICC--yXQitnZs4ho_4bD9VEbl1eboyHNcS0ehbLfvj0tJ3n5frKwY5-n8viUiLmLqb8J13mUw7l0-bbkRmViWfNlDA9CZUXIvDWLe3AwYhNBKltFbR5PYNPSi0kHQrCXNTmw.shIh9DlYNKukdY0JvLx0xsd5CF-R_oJGNQd-BXqxH30&dib_tag=se&keywords=leather+sling+bag&qid=1774105345&sprefix=leather+sling+bag%2Caps%2C483&sr=8-11	https://m.media-amazon.com/images/I/71-Q52BSMfL._AC_UL320_.jpg					https://www.amazon.in/GOLD-SKY-Stylish-Messenger-Shoulder/dp/B0CZ71PTVC/ref=sr_1_11?crid=2577D2O13T9EQ&dib=eyJ2IjoiMSJ9.2s0pirXETG8_uu6fo2eZJxHQRbU3Xq1BFtsBxzGTcgAK9TJ3F95d_VOkSKBmlpqtgvwEtiY_51UFIkaxfj_ve_3PkER5Fj0AxPD6u-kTpeg-osB_1BXbbSzEW4E-eQdbeSbpEDb3iwcWN-0yBe378pi0EGSW-iGklNW_RqPICC--yXQitnZs4ho_4bD9VEbl1eboyHNcS0ehbLfvj0tJ3n5frKwY5-n8viUiLmLqb8J13mUw7l0-bbkRmViWfNlDA9CZUXIvDWLe3AwYhNBKltFbR5PYNPSi0kHQrCXNTmw.shIh9DlYNKukdY0JvLx0xsd5CF-R_oJGNQd-BXqxH30&dib_tag=se&keywords=leather+sling+bag&qid=1774105345&sprefix=leather+sling+bag%2Caps%2C483&sr=8-11		GOLD SKY	https://www.amazon.in/GOLD-SKY-Stylish-Messenger-Shoulder/dp/B0CZ71PTVC/ref=sr_1_11?crid=2577D2O13T9EQ&dib=eyJ2IjoiMSJ9.2s0pirXETG8_uu6fo2eZJxHQRbU3Xq1BFtsBxzGTcgAK9TJ3F95d_VOkSKBmlpqtgvwEtiY_51UFIkaxfj_ve_3PkER5Fj0AxPD6u-kTpeg-osB_1BXbbSzEW4E-eQdbeSbpEDb3iwcWN-0yBe378pi0EGSW-iGklNW_RqPICC--yXQitnZs4ho_4bD9VEbl1eboyHNcS0ehbLfvj0tJ3n5frKwY5-n8viUiLmLqb8J13mUw7l0-bbkRmViWfNlDA9CZUXIvDWLe3AwYhNBKltFbR5PYNPSi0kHQrCXNTmw.shIh9DlYNKukdY0JvLx0xsd5CF-R_oJGNQd-BXqxH30&dib_tag=se&keywords=leather+sling+bag&qid=1774105345&sprefix=leather+sling+bag%2Caps%2C483&sr=8-11#customerReviews	Shade Stylish PU Leather Sling Cross Body Travel Office Messenger One Side Shoulder Bag for Men	4.3	javascript:void(0)	4.3 out of 5 stars	https://www.amazon.in/GOLD-SKY-Stylish-Messenger-Shoulder/dp/B0CZ71PTVC/ref=sr_1_11?crid=2577D2O13T9EQ&dib=eyJ2IjoiMSJ9.2s0pirXETG8_uu6fo2eZJxHQRbU3Xq1BFtsBxzGTcgAK9TJ3F95d_VOkSKBmlpqtgvwEtiY_51UFIkaxfj_ve_3PkER5Fj0AxPD6u-kTpeg-osB_1BXbbSzEW4E-eQdbeSbpEDb3iwcWN-0yBe378pi0EGSW-iGklNW_RqPICC--yXQitnZs4ho_4bD9VEbl1eboyHNcS0ehbLfvj0tJ3n5frKwY5-n8viUiLmLqb8J13mUw7l0-bbkRmViWfNlDA9CZUXIvDWLe3AwYhNBKltFbR5PYNPSi0kHQrCXNTmw.shIh9DlYNKukdY0JvLx0xsd5CF-R_oJGNQd-BXqxH30&dib_tag=se&keywords=leather+sling+bag&qid=1774105345&sprefix=leather+sling+bag%2Caps%2C483&sr=8-11	(674)			₹499	499	M.R.P: ₹2,999	100+ bought in past month	₹2,999	(83% off)		M.R.P:	FREE delivery	Sat, 28 Mar	Up to 5% back with Amazon Pay ICICI card	Up to 5% back with Amazon Pay ICI...				
https://www.amazon.in/ADISA-Womens-Girls-Grains-SL5141-BLA/dp/B0CZPJRDQN/ref=sr_1_12?crid=2577D2O13T9EQ&dib=eyJ2IjoiMSJ9.2s0pirXETG8_uu6fo2eZJxHQRbU3Xq1BFtsBxzGTcgAK9TJ3F95d_VOkSKBmlpqtgvwEtiY_51UFIkaxfj_ve_3PkER5Fj0AxPD6u-kTpeg-osB_1BXbbSzEW4E-eQdbeSbpEDb3iwcWN-0yBe378pi0EGSW-iGklNW_RqPICC--yXQitnZs4ho_4bD9VEbl1eboyHNcS0ehbLfvj0tJ3n5frKwY5-n8viUiLmLqb8J13mUw7l0-bbkRmViWfNlDA9CZUXIvDWLe3AwYhNBKltFbR5PYNPSi0kHQrCXNTmw.shIh9DlYNKukdY0JvLx0xsd5CF-R_oJGNQd-BXqxH30&dib_tag=se&keywords=leather+sling+bag&qid=1774105345&sprefix=leather+sling+bag%2Caps%2C483&sr=8-12	https://m.media-amazon.com/images/I/71x5+7kP-1L._AC_UL320_.jpg					https://www.amazon.in/ADISA-Womens-Girls-Grains-SL5141-BLA/dp/B0CZPJRDQN/ref=sr_1_12?crid=2577D2O13T9EQ&dib=eyJ2IjoiMSJ9.2s0pirXETG8_uu6fo2eZJxHQRbU3Xq1BFtsBxzGTcgAK9TJ3F95d_VOkSKBmlpqtgvwEtiY_51UFIkaxfj_ve_3PkER5Fj0AxPD6u-kTpeg-osB_1BXbbSzEW4E-eQdbeSbpEDb3iwcWN-0yBe378pi0EGSW-iGklNW_RqPICC--yXQitnZs4ho_4bD9VEbl1eboyHNcS0ehbLfvj0tJ3n5frKwY5-n8viUiLmLqb8J13mUw7l0-bbkRmViWfNlDA9CZUXIvDWLe3AwYhNBKltFbR5PYNPSi0kHQrCXNTmw.shIh9DlYNKukdY0JvLx0xsd5CF-R_oJGNQd-BXqxH30&dib_tag=se&keywords=leather+sling+bag&qid=1774105345&sprefix=leather+sling+bag%2Caps%2C483&sr=8-12		ADISA	https://www.amazon.in/ADISA-Womens-Girls-Grains-SL5141-BLA/dp/B0CZPJRDQN/ref=sr_1_12?crid=2577D2O13T9EQ&dib=eyJ2IjoiMSJ9.2s0pirXETG8_uu6fo2eZJxHQRbU3Xq1BFtsBxzGTcgAK9TJ3F95d_VOkSKBmlpqtgvwEtiY_51UFIkaxfj_ve_3PkER5Fj0AxPD6u-kTpeg-osB_1BXbbSzEW4E-eQdbeSbpEDb3iwcWN-0yBe378pi0EGSW-iGklNW_RqPICC--yXQitnZs4ho_4bD9VEbl1eboyHNcS0ehbLfvj0tJ3n5frKwY5-n8viUiLmLqb8J13mUw7l0-bbkRmViWfNlDA9CZUXIvDWLe3AwYhNBKltFbR5PYNPSi0kHQrCXNTmw.shIh9DlYNKukdY0JvLx0xsd5CF-R_oJGNQd-BXqxH30&dib_tag=se&keywords=leather+sling+bag&qid=1774105345&sprefix=leather+sling+bag%2Caps%2C483&sr=8-12#customerReviews	Women's Girls Grains Cross Body Sling Bag (SL5141)	4.0	javascript:void(0)	4.0 out of 5 stars	https://www.amazon.in/ADISA-Womens-Girls-Grains-SL5141-BLA/dp/B0CZPJRDQN/ref=sr_1_12?crid=2577D2O13T9EQ&dib=eyJ2IjoiMSJ9.2s0pirXETG8_uu6fo2eZJxHQRbU3Xq1BFtsBxzGTcgAK9TJ3F95d_VOkSKBmlpqtgvwEtiY_51UFIkaxfj_ve_3PkER5Fj0AxPD6u-kTpeg-osB_1BXbbSzEW4E-eQdbeSbpEDb3iwcWN-0yBe378pi0EGSW-iGklNW_RqPICC--yXQitnZs4ho_4bD9VEbl1eboyHNcS0ehbLfvj0tJ3n5frKwY5-n8viUiLmLqb8J13mUw7l0-bbkRmViWfNlDA9CZUXIvDWLe3AwYhNBKltFbR5PYNPSi0kHQrCXNTmw.shIh9DlYNKukdY0JvLx0xsd5CF-R_oJGNQd-BXqxH30&dib_tag=se&keywords=leather+sling+bag&qid=1774105345&sprefix=leather+sling+bag%2Caps%2C483&sr=8-12	(1.2K)			₹496	496	M.R.P: ₹1,499	M.R.P:	₹1,499	(67% off)			FREE delivery  on ₹499 of items fulfilled by Amazon	Wed, 25 Mar	Up to 5% back with Amazon Pay ICICI card	Up to 5% back with Amazon Pay ICI...	Or  get FREE delivery	.prime-brand-color {color: #0064f9; }	Prime members	Tue, 24 Mar
https://www.amazon.in/Storite-Leather-Sling-Bag-Brown/dp/B08TR8RMNH/ref=sr_1_13?crid=2577D2O13T9EQ&dib=eyJ2IjoiMSJ9.2s0pirXETG8_uu6fo2eZJxHQRbU3Xq1BFtsBxzGTcgAK9TJ3F95d_VOkSKBmlpqtgvwEtiY_51UFIkaxfj_ve_3PkER5Fj0AxPD6u-kTpeg-osB_1BXbbSzEW4E-eQdbeSbpEDb3iwcWN-0yBe378pi0EGSW-iGklNW_RqPICC--yXQitnZs4ho_4bD9VEbl1eboyHNcS0ehbLfvj0tJ3n5frKwY5-n8viUiLmLqb8J13mUw7l0-bbkRmViWfNlDA9CZUXIvDWLe3AwYhNBKltFbR5PYNPSi0kHQrCXNTmw.shIh9DlYNKukdY0JvLx0xsd5CF-R_oJGNQd-BXqxH30&dib_tag=se&keywords=leather+sling+bag&qid=1774105345&sprefix=leather+sling+bag%2Caps%2C483&sr=8-13	https://m.media-amazon.com/images/I/91Y6K2j9pcL._AC_UL320_.jpg					https://www.amazon.in/Storite-Leather-Sling-Bag-Brown/dp/B08TR8RMNH/ref=sr_1_13?crid=2577D2O13T9EQ&dib=eyJ2IjoiMSJ9.2s0pirXETG8_uu6fo2eZJxHQRbU3Xq1BFtsBxzGTcgAK9TJ3F95d_VOkSKBmlpqtgvwEtiY_51UFIkaxfj_ve_3PkER5Fj0AxPD6u-kTpeg-osB_1BXbbSzEW4E-eQdbeSbpEDb3iwcWN-0yBe378pi0EGSW-iGklNW_RqPICC--yXQitnZs4ho_4bD9VEbl1eboyHNcS0ehbLfvj0tJ3n5frKwY5-n8viUiLmLqb8J13mUw7l0-bbkRmViWfNlDA9CZUXIvDWLe3AwYhNBKltFbR5PYNPSi0kHQrCXNTmw.shIh9DlYNKukdY0JvLx0xsd5CF-R_oJGNQd-BXqxH30&dib_tag=se&keywords=leather+sling+bag&qid=1774105345&sprefix=leather+sling+bag%2Caps%2C483&sr=8-13		Storite	https://www.amazon.in/Storite-Leather-Sling-Bag-Brown/dp/B08TR8RMNH/ref=sr_1_13?crid=2577D2O13T9EQ&dib=eyJ2IjoiMSJ9.2s0pirXETG8_uu6fo2eZJxHQRbU3Xq1BFtsBxzGTcgAK9TJ3F95d_VOkSKBmlpqtgvwEtiY_51UFIkaxfj_ve_3PkER5Fj0AxPD6u-kTpeg-osB_1BXbbSzEW4E-eQdbeSbpEDb3iwcWN-0yBe378pi0EGSW-iGklNW_RqPICC--yXQitnZs4ho_4bD9VEbl1eboyHNcS0ehbLfvj0tJ3n5frKwY5-n8viUiLmLqb8J13mUw7l0-bbkRmViWfNlDA9CZUXIvDWLe3AwYhNBKltFbR5PYNPSi0kHQrCXNTmw.shIh9DlYNKukdY0JvLx0xsd5CF-R_oJGNQd-BXqxH30&dib_tag=se&keywords=leather+sling+bag&qid=1774105345&sprefix=leather+sling+bag%2Caps%2C483&sr=8-13#customerReviews	8 Inch Stylish Pu Leather Multi-Pocket Small Sling Cross Body Travel office Messenger One Side Shoulder Handbag for Men & Women - Brown (20.5 x 9 x 16.5 Cm)	4.1	javascript:void(0)	4.1 out of 5 stars	https://www.amazon.in/deals	(1.3K)	https://www.amazon.in/Storite-Leather-Sling-Bag-Brown/dp/B08TR8RMNH/ref=sr_1_13?crid=2577D2O13T9EQ&dib=eyJ2IjoiMSJ9.2s0pirXETG8_uu6fo2eZJxHQRbU3Xq1BFtsBxzGTcgAK9TJ3F95d_VOkSKBmlpqtgvwEtiY_51UFIkaxfj_ve_3PkER5Fj0AxPD6u-kTpeg-osB_1BXbbSzEW4E-eQdbeSbpEDb3iwcWN-0yBe378pi0EGSW-iGklNW_RqPICC--yXQitnZs4ho_4bD9VEbl1eboyHNcS0ehbLfvj0tJ3n5frKwY5-n8viUiLmLqb8J13mUw7l0-bbkRmViWfNlDA9CZUXIvDWLe3AwYhNBKltFbR5PYNPSi0kHQrCXNTmw.shIh9DlYNKukdY0JvLx0xsd5CF-R_oJGNQd-BXqxH30&dib_tag=se&keywords=leather+sling+bag&qid=1774105345&sprefix=leather+sling+bag%2Caps%2C483&sr=8-13	Limited time deal	₹639	639	M.R.P: ₹2,299	100+ bought in past month	₹2,299	(72% off)		M.R.P:	FREE delivery	Wed, 25 Mar	Up to 5% back with Amazon Pay ICICI card	Up to 5% back with Amazon Pay ICI...	Or  get FREE delivery	.prime-brand-color {color: #0064f9; }	Prime members	Tue, 24 Mar
https://www.amazon.in/Storite-Sling-Bag-Shoulder-25-5cmx7cmx20cm/dp/B09P83CND8/ref=sr_1_14?crid=2577D2O13T9EQ&dib=eyJ2IjoiMSJ9.2s0pirXETG8_uu6fo2eZJxHQRbU3Xq1BFtsBxzGTcgAK9TJ3F95d_VOkSKBmlpqtgvwEtiY_51UFIkaxfj_ve_3PkER5Fj0AxPD6u-kTpeg-osB_1BXbbSzEW4E-eQdbeSbpEDb3iwcWN-0yBe378pi0EGSW-iGklNW_RqPICC--yXQitnZs4ho_4bD9VEbl1eboyHNcS0ehbLfvj0tJ3n5frKwY5-n8viUiLmLqb8J13mUw7l0-bbkRmViWfNlDA9CZUXIvDWLe3AwYhNBKltFbR5PYNPSi0kHQrCXNTmw.shIh9DlYNKukdY0JvLx0xsd5CF-R_oJGNQd-BXqxH30&dib_tag=se&keywords=leather+sling+bag&qid=1774105345&sprefix=leather+sling+bag%2Caps%2C483&sr=8-14	https://m.media-amazon.com/images/I/81WEH3b96hL._AC_UL320_.jpg					https://www.amazon.in/Storite-Sling-Bag-Shoulder-25-5cmx7cmx20cm/dp/B09P83CND8/ref=sr_1_14?crid=2577D2O13T9EQ&dib=eyJ2IjoiMSJ9.2s0pirXETG8_uu6fo2eZJxHQRbU3Xq1BFtsBxzGTcgAK9TJ3F95d_VOkSKBmlpqtgvwEtiY_51UFIkaxfj_ve_3PkER5Fj0AxPD6u-kTpeg-osB_1BXbbSzEW4E-eQdbeSbpEDb3iwcWN-0yBe378pi0EGSW-iGklNW_RqPICC--yXQitnZs4ho_4bD9VEbl1eboyHNcS0ehbLfvj0tJ3n5frKwY5-n8viUiLmLqb8J13mUw7l0-bbkRmViWfNlDA9CZUXIvDWLe3AwYhNBKltFbR5PYNPSi0kHQrCXNTmw.shIh9DlYNKukdY0JvLx0xsd5CF-R_oJGNQd-BXqxH30&dib_tag=se&keywords=leather+sling+bag&qid=1774105345&sprefix=leather+sling+bag%2Caps%2C483&sr=8-14		Storite	https://www.amazon.in/Storite-Sling-Bag-Shoulder-25-5cmx7cmx20cm/dp/B09P83CND8/ref=sr_1_14?crid=2577D2O13T9EQ&dib=eyJ2IjoiMSJ9.2s0pirXETG8_uu6fo2eZJxHQRbU3Xq1BFtsBxzGTcgAK9TJ3F95d_VOkSKBmlpqtgvwEtiY_51UFIkaxfj_ve_3PkER5Fj0AxPD6u-kTpeg-osB_1BXbbSzEW4E-eQdbeSbpEDb3iwcWN-0yBe378pi0EGSW-iGklNW_RqPICC--yXQitnZs4ho_4bD9VEbl1eboyHNcS0ehbLfvj0tJ3n5frKwY5-n8viUiLmLqb8J13mUw7l0-bbkRmViWfNlDA9CZUXIvDWLe3AwYhNBKltFbR5PYNPSi0kHQrCXNTmw.shIh9DlYNKukdY0JvLx0xsd5CF-R_oJGNQd-BXqxH30&dib_tag=se&keywords=leather+sling+bag&qid=1774105345&sprefix=leather+sling+bag%2Caps%2C483&sr=8-14#customerReviews	10 Inch Stylish Small PU Leather Sling Cross Body Travel Office Business Messenger One Side Shoulder Bag for Men & Women (Brown - 25.5 x 7 x 20cm)	4.1	javascript:void(0)	4.1 out of 5 stars	https://www.amazon.in/deals	(1K)	https://www.amazon.in/Storite-Sling-Bag-Shoulder-25-5cmx7cmx20cm/dp/B09P83CND8/ref=sr_1_14?crid=2577D2O13T9EQ&dib=eyJ2IjoiMSJ9.2s0pirXETG8_uu6fo2eZJxHQRbU3Xq1BFtsBxzGTcgAK9TJ3F95d_VOkSKBmlpqtgvwEtiY_51UFIkaxfj_ve_3PkER5Fj0AxPD6u-kTpeg-osB_1BXbbSzEW4E-eQdbeSbpEDb3iwcWN-0yBe378pi0EGSW-iGklNW_RqPICC--yXQitnZs4ho_4bD9VEbl1eboyHNcS0ehbLfvj0tJ3n5frKwY5-n8viUiLmLqb8J13mUw7l0-bbkRmViWfNlDA9CZUXIvDWLe3AwYhNBKltFbR5PYNPSi0kHQrCXNTmw.shIh9DlYNKukdY0JvLx0xsd5CF-R_oJGNQd-BXqxH30&dib_tag=se&keywords=leather+sling+bag&qid=1774105345&sprefix=leather+sling+bag%2Caps%2C483&sr=8-14	Limited time deal	₹719	719	M.R.P: ₹2,599	100+ bought in past month	₹2,599	(72% off)		M.R.P:	FREE delivery	Wed, 25 Mar	Up to 5% back with Amazon Pay ICICI card	Up to 5% back with Amazon Pay ICI...	Or  get FREE delivery	.prime-brand-color {color: #0064f9; }	Prime members	Tue, 24 Mar